ship,departure_date,inside,outside,balcony,suite,created_at
Celebrity Apex,03-Jan-2026,N/A,N/A,1722.45,N/A,2025-12-24T07:48:02+00:00
Celebrity Apex,10-Jan-2026,N/A,N/A,N/A,N/A,2025-12-24T07:48:02+00:00
Celebrity Apex,17-Jan-2026,N/A,N/A,N/A,11591.95,2025-12-24T07:48:02+00:00
Celebrity Apex,07-Feb-2026,N/A,N/A,1686.23,15928.73,2025-12-24T07:48:02+00:00
Celebrity Apex,14-Feb-2026,N/A,N/A,N/A,N/A,2025-12-24T07:48:02+00:00
Celebrity Apex,21-Feb-2026,N/A,N/A,N/A,5940.49,2025-12-24T07:48:02+00:00
Celebrity Apex,28-Feb-2026,N/A,N/A,N/A,N/A,2025-12-24T07:48:02+00:00
Celebrity Ascent,02-Jan-2026,1924.77,N/A,N/A,6847.77,2025-12-24T07:48:02+00:00
Celebrity Ascent,12-Jan-2026,1273.02,N/A,3298.02,7648.02,2025-12-24T07:48:02+00:00
Celebrity Ascent,23-Jan-2026,N/A,N/A,2898.47,N/A,2025-12-24T07:48:02+00:00
Celebrity Ascent,02-Feb-2026,N/A,N/A,N/A,N/A,2025-12-24T07:48:02+00:00
Celebrity Ascent,13-Feb-2026,1843.77,2172.27,2977.77,5247.77,2025-12-24T07:48:02+00:00
Celebrity Ascent,23-Feb-2026,N/A,2703.02,3078.02,6448.02,2025-12-24T07:48:02+00:00
Celebrity Beyond,04-Jan-2026,N/A,N/A,N/A,3781.9,2025-12-24T07:48:02+00:00
Celebrity Beyond,11-Jan-2026,N/A,1208.38,1639.88,5658.38,2025-12-24T07:48:02+00:00
Celebrity Beyond,18-Jan-2026,N/A,N/A,N/A,5443.9,2025-12-24T07:48:02+00:00
Celebrity Beyond,08-Feb-2026,N/A,N/A,4284.88,5042.88,2025-12-24T07:48:02+00:00
Celebrity Beyond,15-Feb-2026,1269.4,1389.4,2039.9,10628.4,2025-12-24T07:48:02+00:00
Celebrity Beyond,22-Feb-2026,930.22,N/A,1903.22,4145.22,2025-12-24T07:48:02+00:00
Celebrity Constellation,04-Jan-2026,N/A,N/A,1230.03,N/A,2025-12-24T07:48:02+00:00
Celebrity Constellation,11-Jan-2026,N/A,N/A,N/A,6455.28,2025-12-24T07:48:07+00:00
Celebrity Constellation,18-Jan-2026,N/A,N/A,1116.41,5798.91,2025-12-24T07:48:07+00:00
Celebrity Constellation,03-Feb-2026,444.38,713.38,1060.88,3913.88,2025-12-24T07:48:07+00:00
Celebrity Constellation,08-Feb-2026,812.3,N/A,N/A,6990.8,2025-12-24T07:48:07+00:00
Celebrity Constellation,15-Feb-2026,1031.86,1409.36,2678.86,N/A,2025-12-24T07:48:07+00:00
Celebrity Constellation,22-Feb-2026,794.9,N/A,N/A,7145.4,2025-12-24T07:48:07+00:00
Celebrity Eclipse,03-Jan-2026,N/A,1479.25,N/A,N/A,2025-12-24T07:48:07+00:00
Celebrity Eclipse,11-Jan-2026,N/A,N/A,N/A,2624.51,2025-12-24T07:48:07+00:00
Celebrity Eclipse,17-Jan-2026,N/A,N/A,N/A,3848.34,2025-12-24T07:48:07+00:00
Celebrity Eclipse,25-Jan-2026,N/A,N/A,N/A,2698.35,2025-12-24T07:48:07+00:00
Celebrity Eclipse,31-Jan-2026,N/A,N/A,N/A,N/A,2025-12-24T07:48:07+00:00
Celebrity Eclipse,08-Feb-2026,N/A,N/A,N/A,N/A,2025-12-24T07:48:07+00:00
Celebrity Eclipse,14-Feb-2026,N/A,N/A,N/A,9742.25,2025-12-24T07:48:07+00:00
Celebrity Eclipse,22-Feb-2026,N/A,841.66,906.66,3945.66,2025-12-24T07:48:07+00:00
Celebrity Eclipse,28-Feb-2026,1193.47,1364.97,1503.47,4131.97,2025-12-24T07:48:07+00:00
Celebrity Edge,05-Jan-2026,N/A,N/A,2947.16,N/A,2025-12-24T07:48:07+00:00
Celebrity Edge,14-Jan-2026,N/A,2841.62,2682.62,N/A,2025-12-24T07:48:07+00:00
Celebrity Edge,25-Jan-2026,N/A,N/A,734.81,N/A,2025-12-24T07:48:07+00:00
Celebrity Edge,29-Jan-2026,N/A,N/A,3168.28,N/A,2025-12-24T07:48:07+00:00
Celebrity Edge,11-Feb-2026,N/A,N/A,N/A,4218.62,2025-12-24T07:48:07+00:00
Celebrity Edge,22-Feb-2026,2347.88,2895.88,N/A,8661.88,2025-12-24T07:48:12+00:00
Celebrity Equinox,03-Jan-2026,2557.08,N/A,3182.08,N/A,2025-12-24T07:48:12+00:00
Celebrity Equinox,17-Jan-2026,1641.08,N/A,N/A,12545.58,2025-12-24T07:48:12+00:00
Celebrity Equinox,31-Jan-2026,N/A,N/A,N/A,8447.58,2025-12-24T07:48:12+00:00
Celebrity Equinox,14-Feb-2026,1337.2,2030.7,1537.2,10214.2,2025-12-24T07:48:12+00:00
Celebrity Equinox,28-Feb-2026,1329.89,N/A,1529.89,9191.39,2025-12-24T07:48:12+00:00
Celebrity Flora,04-Jan-2026,N/A,N/A,N/A,12044.0,2025-12-24T07:48:12+00:00
Celebrity Flora,11-Jan-2026,N/A,N/A,N/A,9176.0,2025-12-24T07:48:12+00:00
Celebrity Flora,18-Jan-2026,N/A,N/A,N/A,9337.0,2025-12-24T07:48:12+00:00
Celebrity Flora,08-Feb-2026,N/A,N/A,N/A,13213.0,2025-12-24T07:48:12+00:00
Celebrity Flora,08-Feb-2026,N/A,N/A,N/A,13363.5,2025-12-24T07:48:12+00:00
Celebrity Flora,08-Feb-2026,N/A,N/A,N/A,11213.0,2025-12-24T07:48:12+00:00
Celebrity Flora,15-Feb-2026,N/A,N/A,N/A,16374.0,2025-12-24T07:48:12+00:00
Celebrity Flora,15-Feb-2026,N/A,N/A,N/A,16523.5,2025-12-24T07:48:12+00:00
Celebrity Flora,15-Feb-2026,N/A,N/A,N/A,14374.0,2025-12-24T07:48:12+00:00
Celebrity Flora,22-Feb-2026,N/A,N/A,N/A,14066.0,2025-12-24T07:48:12+00:00
Celebrity Flora,22-Feb-2026,N/A,N/A,N/A,14215.5,2025-12-24T07:48:12+00:00
Celebrity Flora,22-Feb-2026,N/A,N/A,N/A,22415.5,2025-12-24T07:48:12+00:00
Celebrity Flora,22-Feb-2026,N/A,N/A,N/A,12066.0,2025-12-24T07:48:12+00:00
Celebrity Flora,01-Mar-2026,N/A,N/A,N/A,19779.0,2025-12-24T07:48:12+00:00
Celebrity Flora,01-Mar-2026,N/A,N/A,N/A,19928.5,2025-12-24T07:48:17+00:00
Celebrity Flora,01-Mar-2026,N/A,N/A,N/A,28128.5,2025-12-24T07:48:17+00:00
Celebrity Infinity,11-Jan-2026,N/A,N/A,3103.54,N/A,2025-12-24T07:48:17+00:00
Celebrity Infinity,03-Feb-2026,1901.95,2174.95,2348.95,3548.95,2025-12-24T07:48:17+00:00
Celebrity Infinity,16-Feb-2026,809.28,909.28,1509.28,2748.78,2025-12-24T07:48:17+00:00
Celebrity Infinity,27-Feb-2026,N/A,859.25,1159.25,2298.75,2025-12-24T07:48:17+00:00
Celebrity Millennium,03-Jan-2026,2104.86,2369.36,2872.36,N/A,2025-12-24T07:48:17+00:00
Celebrity Millennium,03-Jan-2026,N/A,2306.86,2780.86,N/A,2025-12-24T07:48:17+00:00
Celebrity Millennium,15-Jan-2026,1108.23,N/A,3030.23,N/A,2025-12-24T07:48:17+00:00
Celebrity Millennium,27-Jan-2026,N/A,2153.31,N/A,11668.31,2025-12-24T07:48:17+00:00
Celebrity Millennium,08-Feb-2026,1672.9,1922.4,3125.9,N/A,2025-12-24T07:48:17+00:00
Celebrity Millennium,20-Feb-2026,N/A,N/A,4225.81,13497.81,2025-12-24T07:48:17+00:00
Celebrity Reflection,05-Jan-2026,546.83,N/A,N/A,N/A,2025-12-24T07:48:17+00:00
Celebrity Reflection,09-Jan-2026,N/A,326.79,624.79,2760.79,2025-12-24T07:48:17+00:00
Celebrity Reflection,16-Jan-2026,N/A,N/A,N/A,2705.29,2025-12-24T07:48:17+00:00
Celebrity Reflection,19-Jan-2026,462.37,N/A,N/A,N/A,2025-12-24T07:48:17+00:00
Celebrity Reflection,23-Jan-2026,236.79,256.79,406.79,1781.79,2025-12-24T07:48:17+00:00
Celebrity Reflection,26-Jan-2026,464.9,N/A,410.4,1908.9,2025-12-24T07:48:17+00:00
Celebrity Reflection,30-Jan-2026,246.79,296.79,296.79,1062.79,2025-12-24T07:48:17+00:00
Celebrity Reflection,02-Feb-2026,296.56,296.56,416.56,1333.06,2025-12-24T07:48:17+00:00
Celebrity Reflection,06-Feb-2026,N/A,N/A,458.29,N/A,2025-12-24T07:48:21+00:00
Celebrity Reflection,09-Feb-2026,N/A,N/A,647.83,3073.33,2025-12-24T07:48:21+00:00
Celebrity Reflection,13-Feb-2026,N/A,N/A,N/A,4314.79,2025-12-24T07:48:21+00:00
Celebrity Reflection,23-Feb-2026,363.33,N/A,404.33,1200.33,2025-12-24T07:48:21+00:00
Celebrity Silhouette,04-Jan-2026,N/A,N/A,1488.69,N/A,2025-12-24T07:48:21+00:00
Celebrity Silhouette,10-Jan-2026,N/A,N/A,N/A,N/A,2025-12-24T07:48:21+00:00
Celebrity Silhouette,18-Jan-2026,N/A,N/A,N/A,4801.22,2025-12-24T07:48:21+00:00
Celebrity Silhouette,24-Jan-2026,N/A,N/A,1902.85,3807.35,2025-12-24T07:48:21+00:00
Celebrity Silhouette,01-Feb-2026,N/A,N/A,1443.3,4548.3,2025-12-24T07:48:21+00:00
Celebrity Silhouette,07-Feb-2026,1498.35,1655.35,N/A,6469.85,2025-12-24T07:48:21+00:00
Celebrity Silhouette,15-Feb-2026,843.3,N/A,N/A,4610.3,2025-12-24T07:48:21+00:00
Celebrity Silhouette,21-Feb-2026,N/A,1710.81,N/A,N/A,2025-12-24T07:48:21+00:00
Celebrity Solstice,03-Jan-2026,1350.51,N/A,1450.51,N/A,2025-12-24T07:48:21+00:00
Celebrity Solstice,27-Jan-2026,N/A,N/A,N/A,N/A,2025-12-24T07:48:21+00:00
Celebrity Summit,05-Jan-2026,571.68,N/A,713.68,N/A,2025-12-24T07:48:21+00:00
Celebrity Summit,17-Feb-2026,N/A,N/A,842.8,2011.8,2025-12-24T07:48:21+00:00
Celebrity Summit,21-Feb-2026,329.6,369.6,513.6,2333.6,2025-12-24T07:48:21+00:00
Celebrity Summit,26-Feb-2026,346.46,396.46,723.46,2073.46,2025-12-24T07:48:21+00:00
Celebrity Xcel,04-Jan-2026,N/A,N/A,N/A,N/A,2025-12-24T07:48:21+00:00
Celebrity Xcel,11-Jan-2026,N/A,N/A,N/A,8152.06,2025-12-24T07:48:21+00:00
Celebrity Xcel,18-Jan-2026,N/A,N/A,N/A,6034.23,2025-12-24T07:48:24+00:00
Celebrity Xcel,25-Jan-2026,N/A,N/A,N/A,4653.13,2025-12-24T07:48:24+00:00
Celebrity Xcel,01-Feb-2026,N/A,N/A,1629.73,5369.23,2025-12-24T07:48:24+00:00
Celebrity Xcel,08-Feb-2026,N/A,N/A,N/A,N/A,2025-12-24T07:48:24+00:00
Celebrity Xcel,15-Feb-2026,N/A,N/A,N/A,4531.73,2025-12-24T07:48:24+00:00
Celebrity Xcel,22-Feb-2026,1290.65,1508.65,2425.65,5113.65,2025-12-24T07:48:24+00:00
Celebrity Apex,07-Mar-2026,1439.23,1448.73,1643.73,4074.73,2025-12-24T07:48:29+00:00
Celebrity Apex,14-Mar-2026,1509.45,1530.95,1694.45,4713.95,2025-12-24T07:48:29+00:00
Celebrity Apex,21-Mar-2026,1380.49,1380.49,1792.49,3769.49,2025-12-24T07:48:29+00:00
Celebrity Apex,28-Mar-2026,1123.95,1124.95,1348.45,3075.95,2025-12-24T07:48:29+00:00
Celebrity Apex,04-Apr-2026,1647.99,1700.49,1784.49,3157.99,2025-12-24T07:48:29+00:00
Celebrity Apex,11-Apr-2026,1008.45,1136.95,1354.95,4536.95,2025-12-24T07:48:29+00:00
Celebrity Apex,18-Apr-2026,1285.49,1179.99,1385.99,4454.49,2025-12-24T07:48:29+00:00
Celebrity Apex,25-Apr-2026,N/A,1729.61,2062.11,11805.11,2025-12-24T07:48:29+00:00
Celebrity Ascent,06-Mar-2026,1502.77,1702.77,2477.77,10857.77,2025-12-24T07:48:29+00:00
Celebrity Ascent,16-Mar-2026,1685.64,2685.64,2960.64,6985.64,2025-12-24T07:48:29+00:00
Celebrity Ascent,27-Mar-2026,N/A,1972.77,2447.77,6147.77,2025-12-24T07:48:29+00:00
Celebrity Ascent,06-Apr-2026,1763.52,2950.02,2973.52,6898.52,2025-12-24T07:48:29+00:00
Celebrity Ascent,17-Apr-2026,501.79,771.29,795.79,2301.29,2025-12-24T07:48:29+00:00
Celebrity Ascent,20-Apr-2026,N/A,1842.09,2421.59,5468.59,2025-12-24T07:48:29+00:00
Celebrity Beyond,01-Mar-2026,1196.4,1411.4,1519.4,4007.4,2025-12-24T07:48:29+00:00
Celebrity Beyond,08-Mar-2026,1125.88,1618.38,1563.38,3483.38,2025-12-24T07:48:29+00:00
Celebrity Beyond,15-Mar-2026,1124.9,1408.9,1949.4,3181.9,2025-12-24T07:48:29+00:00
Celebrity Beyond,22-Mar-2026,1027.38,1145.88,1414.38,3180.88,2025-12-24T07:48:29+00:00
Celebrity Beyond,29-Mar-2026,1082.4,1151.9,1424.9,3149.9,2025-12-24T07:48:29+00:00
Celebrity Beyond,05-Apr-2026,905.88,1135.88,1485.38,2765.38,2025-12-24T07:48:29+00:00
Celebrity Beyond,12-Apr-2026,901.4,1014.9,1278.9,2904.9,2025-12-24T07:48:35+00:00
Celebrity Beyond,19-Apr-2026,965.88,970.88,1448.38,2764.38,2025-12-24T07:48:35+00:00
Celebrity Beyond,26-Apr-2026,1088.41,1349.91,1583.41,3695.41,2025-12-24T07:48:35+00:00
Celebrity Constellation,01-Mar-2026,696.81,848.31,1330.31,6718.31,2025-12-24T07:48:35+00:00
Celebrity Constellation,08-Mar-2026,842.84,940.34,1692.34,5998.84,2025-12-24T07:48:35+00:00
Celebrity Constellation,15-Mar-2026,812.31,939.81,1230.31,2575.81,2025-12-24T07:48:35+00:00
Celebrity Constellation,22-Mar-2026,608.67,688.67,1061.67,4556.67,2025-12-24T07:48:35+00:00
Celebrity Constellation,29-Mar-2026,619.19,699.19,1169.19,2989.69,2025-12-24T07:48:35+00:00
Celebrity Constellation,05-Apr-2026,724.52,774.52,1098.52,3432.52,2025-12-24T07:48:35+00:00
Celebrity Constellation,12-Apr-2026,949.22,1120.72,1510.72,17559.72,2025-12-24T07:48:35+00:00
Celebrity Constellation,27-Apr-2026,1599.22,2399.22,4299.22,9424.72,2025-12-24T07:48:35+00:00
Celebrity Eclipse,08-Mar-2026,756.01,832.51,956.01,2843.51,2025-12-24T07:48:35+00:00
Celebrity Eclipse,14-Mar-2026,1264.25,1336.25,1482.25,3420.75,2025-12-24T07:48:35+00:00
Celebrity Eclipse,22-Mar-2026,683.41,885.91,968.41,2650.91,2025-12-24T07:48:35+00:00
Celebrity Eclipse,28-Mar-2026,1169.25,1219.25,1405.75,3867.25,2025-12-24T07:48:35+00:00
Celebrity Eclipse,05-Apr-2026,719.08,930.58,953.58,2078.08,2025-12-24T07:48:35+00:00
Celebrity Eclipse,11-Apr-2026,945.75,1127.75,1370.25,3992.75,2025-12-24T07:48:35+00:00
Celebrity Eclipse,19-Apr-2026,845.77,1507.27,1122.77,2057.77,2025-12-24T07:48:35+00:00
Celebrity Eclipse,25-Apr-2026,1440.34,1630.34,1702.84,N/A,2025-12-24T07:48:35+00:00
Celebrity Edge,05-Mar-2026,2023.94,3107.94,4166.44,5648.94,2025-12-24T07:48:35+00:00
Celebrity Edge,18-Mar-2026,N/A,N/A,3448.76,8774.76,2025-12-24T07:48:40+00:00
Celebrity Edge,29-Mar-2026,1824.0,2074.0,2820.5,7097.5,2025-12-24T07:48:40+00:00
Celebrity Edge,12-Apr-2026,N/A,1970.83,2248.83,4048.33,2025-12-24T07:48:40+00:00
Celebrity Edge,20-Apr-2026,N/A,1873.61,2499.11,9334.11,2025-12-24T07:48:40+00:00
Celebrity Equinox,30-Mar-2026,1399.39,N/A,1465.39,5071.89,2025-12-24T07:48:40+00:00
Celebrity Equinox,16-Apr-2026,1648.89,1648.89,1698.89,4398.89,2025-12-24T07:48:40+00:00
Celebrity Equinox,25-Apr-2026,1924.31,2144.81,2348.31,4512.81,2025-12-24T07:48:40+00:00
Celebrity Flora,01-Mar-2026,N/A,N/A,N/A,19779.0,2025-12-24T07:48:40+00:00
Celebrity Flora,01-Mar-2026,N/A,N/A,N/A,19928.5,2025-12-24T07:48:40+00:00
Celebrity Flora,01-Mar-2026,N/A,N/A,N/A,28128.5,2025-12-24T07:48:40+00:00
Celebrity Flora,01-Mar-2026,N/A,N/A,N/A,17779.0,2025-12-24T07:48:40+00:00
Celebrity Flora,08-Mar-2026,N/A,N/A,N/A,13362.0,2025-12-24T07:48:40+00:00
Celebrity Flora,08-Mar-2026,N/A,N/A,N/A,13511.5,2025-12-24T07:48:40+00:00
Celebrity Flora,08-Mar-2026,N/A,N/A,N/A,21711.5,2025-12-24T07:48:40+00:00
Celebrity Flora,08-Mar-2026,N/A,N/A,N/A,11362.0,2025-12-24T07:48:40+00:00
Celebrity Flora,05-Apr-2026,N/A,N/A,N/A,13595.0,2025-12-24T07:48:40+00:00
Celebrity Flora,05-Apr-2026,N/A,N/A,N/A,13744.5,2025-12-24T07:48:40+00:00
Celebrity Flora,05-Apr-2026,N/A,N/A,N/A,21944.5,2025-12-24T07:48:40+00:00
Celebrity Flora,12-Apr-2026,N/A,N/A,N/A,13674.0,2025-12-24T07:48:40+00:00
Celebrity Flora,12-Apr-2026,N/A,N/A,N/A,13824.0,2025-12-24T07:48:40+00:00
Celebrity Flora,12-Apr-2026,N/A,N/A,N/A,22024.0,2025-12-24T07:48:44+00:00
Celebrity Flora,12-Apr-2026,N/A,N/A,N/A,11674.0,2025-12-24T07:48:44+00:00
Celebrity Flora,26-Apr-2026,N/A,N/A,N/A,13030.0,2025-12-24T07:48:44+00:00
Celebrity Flora,26-Apr-2026,N/A,N/A,N/A,13179.5,2025-12-24T07:48:44+00:00
Celebrity Flora,26-Apr-2026,N/A,N/A,N/A,21379.5,2025-12-24T07:48:44+00:00
Celebrity Flora,26-Apr-2026,N/A,N/A,N/A,11030.0,2025-12-24T07:48:44+00:00
Celebrity Infinity,09-Mar-2026,1198.75,1298.25,1548.25,2948.75,2025-12-24T07:48:44+00:00
Celebrity Infinity,20-Mar-2026,923.29,1023.29,1348.29,2598.29,2025-12-24T07:48:44+00:00
Celebrity Infinity,30-Mar-2026,1198.46,1248.96,1748.46,3148.96,2025-12-24T07:48:44+00:00
Celebrity Infinity,10-Apr-2026,1298.66,1302.16,1598.66,3861.16,2025-12-24T07:48:44+00:00
Celebrity Infinity,20-Apr-2026,1873.28,2023.28,2448.28,4774.78,2025-12-24T07:48:44+00:00
Celebrity Millennium,28-Mar-2026,2290.52,N/A,N/A,N/A,2025-12-24T07:48:44+00:00
Celebrity Millennium,09-Apr-2026,N/A,N/A,N/A,N/A,2025-12-24T07:48:44+00:00
Celebrity Reflection,06-Mar-2026,315.29,379.29,401.79,1162.79,2025-12-24T07:48:44+00:00
Celebrity Reflection,09-Mar-2026,430.83,477.83,538.83,1443.33,2025-12-24T07:48:44+00:00
Celebrity Reflection,13-Mar-2026,343.79,376.29,439.29,1182.79,2025-12-24T07:48:44+00:00
Celebrity Reflection,16-Mar-2026,540.26,625.26,698.26,1674.26,2025-12-24T07:48:44+00:00
Celebrity Reflection,20-Mar-2026,364.09,420.59,460.59,1214.59,2025-12-24T07:48:44+00:00
Celebrity Reflection,23-Mar-2026,364.71,418.21,548.21,1519.21,2025-12-24T07:48:44+00:00
Celebrity Reflection,27-Mar-2026,306.79,340.79,375.79,1087.79,2025-12-24T07:48:44+00:00
Celebrity Reflection,30-Mar-2026,457.12,N/A,628.12,1598.62,2025-12-24T07:48:48+00:00
Celebrity Reflection,03-Apr-2026,402.35,424.85,534.85,1097.85,2025-12-24T07:48:48+00:00
Celebrity Reflection,06-Apr-2026,N/A,437.9,617.4,1516.4,2025-12-24T07:48:48+00:00
Celebrity Reflection,10-Apr-2026,334.32,398.32,455.82,1074.32,2025-12-24T07:48:48+00:00
Celebrity Reflection,13-Apr-2026,320.01,410.51,448.01,1167.01,2025-12-24T07:48:48+00:00
Celebrity Reflection,17-Apr-2026,307.13,375.13,445.63,1339.13,2025-12-24T07:48:48+00:00
Celebrity Reflection,20-Apr-2026,335.4,469.4,581.4,1502.4,2025-12-24T07:48:48+00:00
Celebrity Reflection,24-Apr-2026,328.29,341.79,422.79,1229.79,2025-12-24T07:48:48+00:00
Celebrity Silhouette,01-Mar-2026,733.22,934.22,1119.72,4807.72,2025-12-24T07:48:48+00:00
Celebrity Silhouette,07-Mar-2026,N/A,1489.17,1449.17,N/A,2025-12-24T07:48:48+00:00
Celebrity Silhouette,15-Mar-2026,1054.3,1133.3,1468.3,2458.3,2025-12-24T07:48:48+00:00
Celebrity Silhouette,04-Apr-2026,1284.38,1405.88,1670.38,3817.88,2025-12-24T07:48:48+00:00
Celebrity Silhouette,12-Apr-2026,706.84,744.34,1020.84,4969.34,2025-12-24T07:48:48+00:00
Celebrity Silhouette,18-Apr-2026,998.06,N/A,1339.06,3598.56,2025-12-24T07:48:48+00:00
Celebrity Solstice,02-Mar-2026,2670.06,2870.06,4345.06,7808.06,2025-12-24T07:48:48+00:00
Celebrity Solstice,14-Mar-2026,N/A,N/A,3999.0,8035.0,2025-12-24T07:48:48+00:00
Celebrity Solstice,26-Mar-2026,2093.98,2763.98,2929.48,13597.98,2025-12-24T07:48:48+00:00
Celebrity Solstice,09-Apr-2026,1186.84,1682.34,1719.34,7459.34,2025-12-24T07:48:48+00:00
Celebrity Solstice,24-Apr-2026,1020.87,1041.87,1138.37,N/A,2025-12-24T07:48:48+00:00
Celebrity Summit,02-Mar-2026,381.68,431.68,N/A,2241.18,2025-12-24T07:48:48+00:00
Celebrity Summit,07-Mar-2026,656.09,846.09,888.09,2338.09,2025-12-24T07:48:52+00:00
Celebrity Summit,14-Mar-2026,776.04,836.04,1018.04,2378.04,2025-12-24T07:48:52+00:00
Celebrity Summit,21-Mar-2026,656.23,746.23,1077.73,6004.23,2025-12-24T07:48:52+00:00
Celebrity Summit,28-Mar-2026,586.36,611.36,848.36,5744.86,2025-12-24T07:48:52+00:00
Celebrity Summit,04-Apr-2026,476.1,541.6,629.6,2214.1,2025-12-24T07:48:52+00:00
Celebrity Summit,09-Apr-2026,351.24,398.74,504.24,1665.74,2025-12-24T07:48:52+00:00
Celebrity Summit,13-Apr-2026,1161.92,1595.42,4126.42,N/A,2025-12-24T07:48:52+00:00
Celebrity Summit,30-Apr-2026,641.58,674.08,1245.08,4223.58,2025-12-24T07:48:52+00:00
Celebrity Xcel,01-Mar-2026,1109.23,1438.73,1499.23,4019.73,2025-12-24T07:48:52+00:00
Celebrity Xcel,08-Mar-2026,1358.77,1558.77,1678.77,4719.77,2025-12-24T07:48:52+00:00
Celebrity Xcel,15-Mar-2026,1243.73,1399.23,1513.73,3823.73,2025-12-24T07:48:52+00:00
Celebrity Xcel,22-Mar-2026,1148.83,1319.33,1705.33,4155.83,2025-12-24T07:48:52+00:00
Celebrity Xcel,29-Mar-2026,1041.73,1174.73,1439.23,3703.73,2025-12-24T07:48:52+00:00
Celebrity Xcel,05-Apr-2026,1026.79,1267.79,1499.29,4134.29,2025-12-24T07:48:52+00:00
Celebrity Xcel,12-Apr-2026,962.23,1139.23,1279.23,3719.73,2025-12-24T07:48:52+00:00
Celebrity Xcel,19-Apr-2026,1046.9,N/A,1888.9,4247.4,2025-12-24T07:48:52+00:00
Celebrity Xcel,26-Apr-2026,N/A,N/A,N/A,41376.99,2025-12-24T07:48:52+00:00
Celebrity Apex,16-May-2026,4528.67,4451.67,5284.17,N/A,2025-12-24T07:48:58+00:00
Celebrity Apex,29-May-2026,2349.14,1978.64,3342.64,13669.14,2025-12-24T07:48:58+00:00
Celebrity Apex,06-Jun-2026,N/A,N/A,N/A,N/A,2025-12-24T07:48:58+00:00
Celebrity Apex,20-Jun-2026,N/A,N/A,N/A,13820.9,2025-12-24T07:48:58+00:00
Celebrity Apex,27-Jun-2026,N/A,N/A,N/A,6262.74,2025-12-24T07:48:58+00:00
Celebrity Ascent,04-May-2026,2454.12,3095.62,3772.62,6213.12,2025-12-24T07:48:58+00:00
Celebrity Ascent,15-May-2026,2275.13,2857.13,3477.63,11532.63,2025-12-24T07:48:58+00:00
Celebrity Ascent,25-May-2026,2395.43,2786.93,3472.93,5942.93,2025-12-24T07:48:58+00:00
Celebrity Ascent,05-Jun-2026,2379.09,2887.59,4079.09,8936.09,2025-12-24T07:48:58+00:00
Celebrity Ascent,15-Jun-2026,2260.0,3033.5,3463.5,8086.0,2025-12-24T07:48:58+00:00
Celebrity Ascent,26-Jun-2026,2178.24,2808.24,3965.74,8902.24,2025-12-24T07:48:58+00:00
Celebrity Beyond,03-May-2026,903.47,921.97,1171.47,3469.47,2025-12-24T07:48:58+00:00
Celebrity Beyond,10-May-2026,N/A,N/A,1160.17,4435.67,2025-12-24T07:48:58+00:00
Celebrity Beyond,17-May-2026,831.2,899.7,1349.2,2424.2,2025-12-24T07:48:58+00:00
Celebrity Beyond,24-May-2026,999.65,1147.65,1154.15,2764.15,2025-12-24T07:48:58+00:00
Celebrity Beyond,31-May-2026,1024.88,1162.38,1378.38,2747.38,2025-12-24T07:48:58+00:00
Celebrity Beyond,07-Jun-2026,1260.12,1379.12,1507.62,3547.62,2025-12-24T07:48:58+00:00
Celebrity Beyond,14-Jun-2026,994.71,1194.21,1421.21,3088.71,2025-12-24T07:48:58+00:00
Celebrity Beyond,21-Jun-2026,1088.8,1109.3,1503.3,3607.8,2025-12-24T07:48:58+00:00
Celebrity Beyond,28-Jun-2026,1044.02,1350.52,1731.52,3403.02,2025-12-24T07:48:58+00:00
Celebrity Constellation,08-May-2026,1649.01,1899.01,N/A,5517.51,2025-12-24T07:49:03+00:00
Celebrity Constellation,08-May-2026,1649.01,1899.01,4936.51,4584.01,2025-12-24T07:49:03+00:00
Celebrity Constellation,18-May-2026,1699.28,1998.28,4700.78,10135.78,2025-12-24T07:49:03+00:00
Celebrity Constellation,29-May-2026,1498.44,1949.44,3999.44,5698.44,2025-12-24T07:49:03+00:00
Celebrity Constellation,08-Jun-2026,1831.65,1773.65,3148.65,4994.15,2025-12-24T07:49:03+00:00
Celebrity Constellation,19-Jun-2026,1598.53,1698.53,3520.53,5572.03,2025-12-24T07:49:03+00:00
Celebrity Constellation,29-Jun-2026,1428.91,1705.41,2357.91,5060.41,2025-12-24T07:49:03+00:00
Celebrity Eclipse,09-May-2026,3223.5,N/A,5875.5,N/A,2025-12-24T07:49:03+00:00
Celebrity Eclipse,02-Jun-2026,2710.88,3116.88,3367.88,8241.88,2025-12-24T07:49:03+00:00
Celebrity Edge,07-May-2026,1093.73,1100.23,1414.23,4675.23,2025-12-24T07:49:03+00:00
Celebrity Edge,15-May-2026,1181.27,1372.77,1532.27,4128.77,2025-12-24T07:49:03+00:00
Celebrity Edge,22-May-2026,1213.74,1528.24,1671.74,5398.74,2025-12-24T07:49:03+00:00
Celebrity Edge,29-May-2026,1455.74,1513.74,2355.74,4931.74,2025-12-24T07:49:03+00:00
Celebrity Edge,05-Jun-2026,1313.74,1395.74,1972.24,5024.24,2025-12-24T07:49:03+00:00
Celebrity Edge,12-Jun-2026,1403.53,1830.53,1921.03,4458.53,2025-12-24T07:49:03+00:00
Celebrity Edge,19-Jun-2026,1349.99,1634.99,1976.99,4564.99,2025-12-24T07:49:03+00:00
Celebrity Edge,26-Jun-2026,1668.81,1733.81,2431.31,4404.31,2025-12-24T07:49:03+00:00
Celebrity Equinox,05-May-2026,2144.51,2199.01,2898.51,5998.51,2025-12-24T07:49:03+00:00
Celebrity Equinox,14-May-2026,2423.47,2705.47,2698.47,8399.47,2025-12-24T07:49:03+00:00
Celebrity Equinox,23-May-2026,1798.5,1923.5,2048.5,5192.0,2025-12-24T07:49:03+00:00
Celebrity Equinox,02-Jun-2026,1348.44,1549.44,1649.44,4631.94,2025-12-24T07:49:08+00:00
Celebrity Equinox,11-Jun-2026,1599.0,1673.0,1819.5,5995.5,2025-12-24T07:49:08+00:00
Celebrity Equinox,20-Jun-2026,1978.7,2123.7,2347.2,6354.7,2025-12-24T07:49:08+00:00
Celebrity Equinox,30-Jun-2026,1244.3,1498.8,1898.8,4326.8,2025-12-24T07:49:08+00:00
Celebrity Flora,03-May-2026,N/A,N/A,N/A,14164.0,2025-12-24T07:49:08+00:00
Celebrity Flora,03-May-2026,N/A,N/A,N/A,14313.5,2025-12-24T07:49:08+00:00
Celebrity Flora,03-May-2026,N/A,N/A,N/A,22513.5,2025-12-24T07:49:08+00:00
Celebrity Flora,03-May-2026,N/A,N/A,N/A,12164.0,2025-12-24T07:49:08+00:00
Celebrity Flora,31-May-2026,N/A,N/A,N/A,13135.0,2025-12-24T07:49:08+00:00
Celebrity Flora,31-May-2026,N/A,N/A,N/A,13284.5,2025-12-24T07:49:08+00:00
Celebrity Flora,31-May-2026,N/A,N/A,N/A,21484.5,2025-12-24T07:49:08+00:00
Celebrity Flora,31-May-2026,N/A,N/A,N/A,11135.0,2025-12-24T07:49:08+00:00
Celebrity Flora,07-Jun-2026,N/A,N/A,N/A,12484.0,2025-12-24T07:49:08+00:00
Celebrity Flora,07-Jun-2026,N/A,N/A,N/A,12633.5,2025-12-24T07:49:08+00:00
Celebrity Flora,07-Jun-2026,N/A,N/A,N/A,20833.5,2025-12-24T07:49:08+00:00
Celebrity Flora,07-Jun-2026,N/A,N/A,N/A,10484.0,2025-12-24T07:49:08+00:00
Celebrity Flora,14-Jun-2026,N/A,N/A,N/A,12110.0,2025-12-24T07:49:08+00:00
Celebrity Flora,14-Jun-2026,N/A,N/A,N/A,12259.5,2025-12-24T07:49:08+00:00
Celebrity Flora,14-Jun-2026,N/A,N/A,N/A,20459.5,2025-12-24T07:49:08+00:00
Celebrity Flora,14-Jun-2026,N/A,N/A,N/A,10110.0,2025-12-24T07:49:08+00:00
Celebrity Flora,21-Jun-2026,N/A,N/A,N/A,11655.0,2025-12-24T07:49:13+00:00
Celebrity Flora,21-Jun-2026,N/A,N/A,N/A,11804.5,2025-12-24T07:49:13+00:00
Celebrity Flora,21-Jun-2026,N/A,N/A,N/A,20004.5,2025-12-24T07:49:13+00:00
Celebrity Flora,21-Jun-2026,N/A,N/A,N/A,9655.0,2025-12-24T07:49:13+00:00
Celebrity Flora,28-Jun-2026,N/A,N/A,N/A,13530.0,2025-12-24T07:49:13+00:00
Celebrity Flora,28-Jun-2026,N/A,N/A,N/A,13679.5,2025-12-24T07:49:13+00:00
Celebrity Flora,28-Jun-2026,N/A,N/A,N/A,21879.5,2025-12-24T07:49:13+00:00
Celebrity Flora,28-Jun-2026,N/A,N/A,N/A,11530.0,2025-12-24T07:49:13+00:00
Celebrity Infinity,01-May-2026,1623.66,1757.66,2549.16,5009.16,2025-12-24T07:49:13+00:00
Celebrity Infinity,11-May-2026,2223.28,2719.78,3403.78,8417.78,2025-12-24T07:49:13+00:00
Celebrity Infinity,22-May-2026,1373.08,1923.58,2098.58,4487.58,2025-12-24T07:49:13+00:00
Celebrity Infinity,30-May-2026,1962.39,1982.39,2280.89,4098.89,2025-12-24T07:49:13+00:00
Celebrity Infinity,06-Jun-2026,1461.36,1692.36,2032.86,3910.86,2025-12-24T07:49:13+00:00
Celebrity Infinity,13-Jun-2026,1326.41,1371.41,1761.41,3286.41,2025-12-24T07:49:13+00:00
Celebrity Infinity,20-Jun-2026,1301.59,1370.09,1821.59,3093.09,2025-12-24T07:49:13+00:00
Celebrity Infinity,27-Jun-2026,1180.91,1371.41,1756.41,3297.41,2025-12-24T07:49:13+00:00
Celebrity Millennium,26-May-2026,3027.76,3743.76,N/A,20845.76,2025-12-24T07:49:13+00:00
Celebrity Millennium,07-Jun-2026,2187.95,2832.95,4590.45,4690.95,2025-12-24T07:49:13+00:00
Celebrity Millennium,19-Jun-2026,2290.29,2306.29,3664.79,5429.79,2025-12-24T07:49:13+00:00
Celebrity Reflection,01-May-2026,289.21,344.71,382.21,1024.71,2025-12-24T07:49:13+00:00
Celebrity Reflection,04-May-2026,521.35,397.85,452.85,1168.35,2025-12-24T07:49:18+00:00
Celebrity Reflection,08-May-2026,295.8,373.8,381.3,913.8,2025-12-24T07:49:18+00:00
Celebrity Reflection,11-May-2026,382.26,459.76,487.76,1238.26,2025-12-24T07:49:18+00:00
Celebrity Reflection,15-May-2026,343.26,377.76,405.76,975.26,2025-12-24T07:49:18+00:00
Celebrity Reflection,18-May-2026,407.05,494.55,523.05,1293.55,2025-12-24T07:49:18+00:00
Celebrity Reflection,22-May-2026,378.42,467.92,495.92,978.92,2025-12-24T07:49:18+00:00
Celebrity Reflection,25-May-2026,419.73,519.23,546.73,1146.73,2025-12-24T07:49:18+00:00
Celebrity Reflection,29-May-2026,361.71,395.21,423.71,1011.71,2025-12-24T07:49:18+00:00
Celebrity Reflection,01-Jun-2026,541.05,574.05,602.05,1334.05,2025-12-24T07:49:18+00:00
Celebrity Reflection,05-Jun-2026,385.0,431.0,463.5,1137.5,2025-12-24T07:49:18+00:00
Celebrity Reflection,08-Jun-2026,509.62,514.62,623.62,1223.62,2025-12-24T07:49:18+00:00
Celebrity Reflection,12-Jun-2026,382.21,448.71,476.71,1050.21,2025-12-24T07:49:18+00:00
Celebrity Reflection,15-Jun-2026,391.38,469.88,497.88,1309.88,2025-12-24T07:49:18+00:00
Celebrity Reflection,19-Jun-2026,394.08,447.08,475.08,995.08,2025-12-24T07:49:18+00:00
Celebrity Reflection,22-Jun-2026,521.26,687.76,702.76,1522.26,2025-12-24T07:49:18+00:00
Celebrity Reflection,26-Jun-2026,419.21,472.71,501.21,1138.71,2025-12-24T07:49:18+00:00
Celebrity Reflection,29-Jun-2026,493.91,523.91,568.91,1230.41,2025-12-24T07:49:18+00:00
Celebrity Silhouette,02-May-2026,842.01,948.51,1051.51,7206.51,2025-12-24T07:49:18+00:00
Celebrity Silhouette,10-May-2026,1189.32,1190.32,1198.82,4396.82,2025-12-24T07:49:18+00:00
Celebrity Silhouette,17-May-2026,1122.8,1142.8,1151.3,4420.8,2025-12-24T07:49:18+00:00
Celebrity Silhouette,24-May-2026,800.3,1155.8,1156.8,4342.8,2025-12-24T07:49:23+00:00
Celebrity Silhouette,31-May-2026,1148.3,1163.3,1165.8,4588.3,2025-12-24T07:49:23+00:00
Celebrity Silhouette,07-Jun-2026,1111.8,1182.8,1388.8,4537.8,2025-12-24T07:49:23+00:00
Celebrity Silhouette,14-Jun-2026,1219.28,1236.78,1757.78,7642.78,2025-12-24T07:49:23+00:00
Celebrity Silhouette,21-Jun-2026,2498.75,3836.25,3298.25,11310.25,2025-12-24T07:49:23+00:00
Celebrity Solstice,03-May-2026,1266.0,1610.5,1702.5,3460.5,2025-12-24T07:49:23+00:00
Celebrity Solstice,10-May-2026,1099.22,1428.72,1339.22,3825.72,2025-12-24T07:49:23+00:00
Celebrity Solstice,17-May-2026,1059.58,1443.58,1446.58,3575.58,2025-12-24T07:49:23+00:00
Celebrity Solstice,24-May-2026,973.72,1273.72,1367.22,3871.22,2025-12-24T07:49:23+00:00
Celebrity Solstice,31-May-2026,1795.13,2556.13,1625.13,3529.63,2025-12-24T07:49:23+00:00
Celebrity Solstice,07-Jun-2026,995.72,1588.72,1593.72,3251.72,2025-12-24T07:49:23+00:00
Celebrity Solstice,14-Jun-2026,1037.63,1424.63,1538.13,3194.63,2025-12-24T07:49:23+00:00
Celebrity Solstice,21-Jun-2026,1186.95,1258.95,1793.95,2962.95,2025-12-24T07:49:23+00:00
Celebrity Solstice,28-Jun-2026,1152.63,1407.13,1703.63,3355.63,2025-12-24T07:49:23+00:00
Celebrity Summit,08-May-2026,756.48,944.98,1822.98,N/A,2025-12-24T07:49:23+00:00
Celebrity Summit,08-May-2026,1835.48,2026.48,2917.98,N/A,2025-12-24T07:49:23+00:00
Celebrity Summit,08-May-2026,2082.98,2273.48,3164.98,N/A,2025-12-24T07:49:23+00:00
Celebrity Summit,08-May-2026,2278.48,2468.98,3360.48,N/A,2025-12-24T07:49:23+00:00
Celebrity Summit,08-May-2026,2142.48,2333.48,3224.98,N/A,2025-12-24T07:49:23+00:00
Celebrity Summit,08-May-2026,2722.48,2913.48,3804.98,N/A,2025-12-24T07:49:23+00:00
Celebrity Summit,08-May-2026,2518.48,2708.98,3600.48,N/A,2025-12-24T07:49:26+00:00
Celebrity Summit,08-May-2026,3049.98,3240.98,4132.48,N/A,2025-12-24T07:49:26+00:00
Celebrity Summit,08-May-2026,2976.48,3167.98,4058.98,N/A,2025-12-24T07:49:26+00:00
Celebrity Summit,08-May-2026,3440.48,3630.98,4522.48,N/A,2025-12-24T07:49:26+00:00
Celebrity Summit,15-May-2026,683.75,894.75,1709.25,5480.25,2025-12-24T07:49:26+00:00
Celebrity Summit,22-May-2026,734.14,1236.64,2012.14,6342.64,2025-12-24T07:49:26+00:00
Celebrity Summit,22-May-2026,2994.14,3509.14,4304.14,N/A,2025-12-24T07:49:26+00:00
Celebrity Summit,22-May-2026,2140.14,2655.64,3450.64,N/A,2025-12-24T07:49:26+00:00
Celebrity Summit,22-May-2026,2340.14,2809.64,3584.64,N/A,2025-12-24T07:49:26+00:00
Celebrity Summit,22-May-2026,2201.64,2697.14,3472.14,N/A,2025-12-24T07:49:26+00:00
Celebrity Summit,22-May-2026,2584.64,3009.64,3784.64,N/A,2025-12-24T07:49:26+00:00
Celebrity Summit,22-May-2026,2792.64,3307.64,4102.64,N/A,2025-12-24T07:49:26+00:00
Celebrity Summit,22-May-2026,3052.14,3447.14,4222.14,N/A,2025-12-24T07:49:26+00:00
Celebrity Summit,22-May-2026,3126.64,3478.14,4253.14,N/A,2025-12-24T07:49:26+00:00
Celebrity Summit,22-May-2026,3264.14,3779.14,4574.14,N/A,2025-12-24T07:49:26+00:00
Celebrity Summit,22-May-2026,4741.64,4947.14,5722.14,N/A,2025-12-24T07:49:26+00:00
Celebrity Summit,22-May-2026,3501.64,3972.14,4747.14,N/A,2025-12-24T07:49:26+00:00
Celebrity Summit,22-May-2026,3524.64,3997.14,4772.14,N/A,2025-12-24T07:49:26+00:00
Celebrity Summit,29-May-2026,3140.19,3426.19,4299.69,7023.19,2025-12-24T07:49:26+00:00
Celebrity Summit,29-May-2026,3400.69,3687.19,4560.19,7283.19,2025-12-24T07:49:26+00:00
Celebrity Summit,29-May-2026,4617.69,4903.69,5777.19,8500.19,2025-12-24T07:49:31+00:00
Celebrity Summit,29-May-2026,3377.69,3663.69,4537.19,7260.19,2025-12-24T07:49:31+00:00
Celebrity Summit,29-May-2026,3002.69,3288.69,4162.19,6885.69,2025-12-24T07:49:31+00:00
Celebrity Summit,29-May-2026,2928.19,3214.69,4087.69,6810.69,2025-12-24T07:49:31+00:00
Celebrity Summit,29-May-2026,2668.69,2955.19,3828.19,6551.19,2025-12-24T07:49:31+00:00
Celebrity Summit,29-May-2026,2870.19,3157.19,4030.19,6753.19,2025-12-24T07:49:31+00:00
Celebrity Summit,29-May-2026,1996.66,2282.66,3155.66,5879.16,2025-12-24T07:49:31+00:00
Celebrity Summit,29-May-2026,2216.19,2502.69,3375.69,6098.69,2025-12-24T07:49:31+00:00
Celebrity Summit,29-May-2026,724.69,895.69,1747.69,4405.19,2025-12-24T07:49:31+00:00
Celebrity Summit,05-Jun-2026,943.97,N/A,2393.47,6726.97,2025-12-24T07:49:31+00:00
Celebrity Summit,05-Jun-2026,2588.47,N/A,3730.97,8515.47,2025-12-24T07:49:31+00:00
Celebrity Summit,05-Jun-2026,2472.97,N/A,3618.47,8399.47,2025-12-24T07:49:31+00:00
Celebrity Summit,05-Jun-2026,3241.47,N/A,4249.47,9168.47,2025-12-24T07:49:31+00:00
Celebrity Summit,05-Jun-2026,2801.97,N/A,4287.97,8729.47,2025-12-24T07:49:31+00:00
Celebrity Summit,05-Jun-2026,3090.97,N/A,4576.47,9018.47,2025-12-24T07:49:31+00:00
Celebrity Summit,05-Jun-2026,3153.97,N/A,4368.47,9080.97,2025-12-24T07:49:31+00:00
Celebrity Summit,05-Jun-2026,3336.47,N/A,4399.47,9263.97,2025-12-24T07:49:31+00:00
Celebrity Summit,05-Jun-2026,3811.47,N/A,4918.47,9738.47,2025-12-24T07:49:31+00:00
Celebrity Summit,05-Jun-2026,4893.47,N/A,5868.47,10963.97,2025-12-24T07:49:31+00:00
Celebrity Summit,05-Jun-2026,3811.47,N/A,4893.47,9738.47,2025-12-24T07:49:31+00:00
Celebrity Summit,05-Jun-2026,3625.47,N/A,4793.47,9552.97,2025-12-24T07:49:36+00:00
Celebrity Summit,12-Jun-2026,3460.98,N/A,4970.48,7420.48,2025-12-24T07:49:36+00:00
Celebrity Summit,12-Jun-2026,4872.48,N/A,6045.48,8495.48,2025-12-24T07:49:36+00:00
Celebrity Summit,12-Jun-2026,2926.48,N/A,4949.98,7009.98,2025-12-24T07:49:36+00:00
Celebrity Summit,12-Jun-2026,2423.48,N/A,3907.98,6357.98,2025-12-24T07:49:36+00:00
Celebrity Summit,12-Jun-2026,3076.48,N/A,4426.48,6876.48,2025-12-24T07:49:36+00:00
Celebrity Summit,12-Jun-2026,2255.48,N/A,3745.48,6195.48,2025-12-24T07:49:36+00:00
Celebrity Summit,12-Jun-2026,736.48,4097.98,2710.48,4720.98,2025-12-24T07:49:36+00:00
Celebrity Summit,19-Jun-2026,725.61,1490.61,2550.61,5698.11,2025-12-24T07:49:36+00:00
Celebrity Summit,19-Jun-2026,3068.61,3521.61,4296.61,N/A,2025-12-24T07:49:36+00:00
Celebrity Summit,19-Jun-2026,2247.61,2840.61,3615.61,N/A,2025-12-24T07:49:36+00:00
Celebrity Summit,19-Jun-2026,2415.61,3003.11,3778.11,N/A,2025-12-24T07:49:36+00:00
Celebrity Summit,19-Jun-2026,2300.11,2890.61,3665.61,N/A,2025-12-24T07:49:36+00:00
Celebrity Summit,19-Jun-2026,2630.11,3203.11,3978.11,N/A,2025-12-24T07:49:36+00:00
Celebrity Summit,19-Jun-2026,2918.61,3702.61,4789.11,N/A,2025-12-24T07:49:36+00:00
Celebrity Summit,19-Jun-2026,3164.11,3671.61,4446.61,N/A,2025-12-24T07:49:36+00:00
Celebrity Summit,19-Jun-2026,2981.61,3640.61,4415.61,8077.61,2025-12-24T07:49:36+00:00
Celebrity Summit,19-Jun-2026,3638.61,4165.61,4940.61,N/A,2025-12-24T07:49:36+00:00
Celebrity Summit,19-Jun-2026,4864.11,5140.61,5915.61,N/A,2025-12-24T07:49:36+00:00
Celebrity Summit,19-Jun-2026,3638.61,4190.61,4965.61,N/A,2025-12-24T07:49:36+00:00
Celebrity Summit,19-Jun-2026,3453.11,4236.61,5323.61,N/A,2025-12-24T07:49:41+00:00
Celebrity Summit,26-Jun-2026,3787.05,3966.05,5094.05,7544.05,2025-12-24T07:49:41+00:00
Celebrity Summit,26-Jun-2026,4919.05,5191.55,6044.05,8494.05,2025-12-24T07:49:41+00:00
Celebrity Summit,26-Jun-2026,3787.05,3966.05,5862.55,7788.55,2025-12-24T07:49:41+00:00
Celebrity Summit,26-Jun-2026,3601.55,3780.05,5677.05,7602.55,2025-12-24T07:49:41+00:00
Celebrity Summit,26-Jun-2026,3312.55,3491.55,5388.55,7314.05,2025-12-24T07:49:41+00:00
Celebrity Summit,26-Jun-2026,3129.55,3308.55,4544.05,6994.05,2025-12-24T07:49:41+00:00
Celebrity Summit,26-Jun-2026,3067.05,3245.05,5142.55,7068.55,2025-12-24T07:49:41+00:00
Celebrity Summit,26-Jun-2026,2778.55,2956.55,4854.05,6779.55,2025-12-24T07:49:41+00:00
Celebrity Summit,26-Jun-2026,2564.05,2742.55,3906.55,6356.55,2025-12-24T07:49:41+00:00
Celebrity Summit,26-Jun-2026,2448.55,2627.05,4524.05,6449.55,2025-12-24T07:49:41+00:00
Celebrity Summit,26-Jun-2026,2396.05,2574.55,4471.55,6397.05,2025-12-24T07:49:41+00:00
Celebrity Summit,26-Jun-2026,923.55,1097.55,2948.55,4827.55,2025-12-24T07:49:41+00:00
Celebrity Xcel,11-May-2026,2607.07,3058.57,4013.57,10380.57,2025-12-24T07:49:41+00:00
Celebrity Xcel,22-May-2026,2151.26,2344.26,3523.76,8301.26,2025-12-24T07:49:41+00:00
Celebrity Xcel,01-Jun-2026,2584.78,2748.28,3473.28,9196.28,2025-12-24T07:49:41+00:00
Celebrity Xcel,12-Jun-2026,2448.54,2498.54,2874.04,4471.54,2025-12-24T07:49:41+00:00
Celebrity Xcel,19-Jun-2026,2258.0,2684.5,3174.0,5999.0,2025-12-24T07:49:41+00:00
Celebrity Xcel,27-Jun-2026,3148.01,3649.51,4400.01,6115.51,2025-12-24T07:49:41+00:00
Celebrity Apex,04-Jul-2026,N/A,N/A,N/A,6213.31,2025-12-24T07:49:46+00:00
Celebrity Apex,11-Jul-2026,4077.08,4518.58,4958.58,34749.08,2025-12-24T07:49:46+00:00
Celebrity Apex,23-Jul-2026,3548.45,3838.95,N/A,6162.95,2025-12-24T07:49:46+00:00
Celebrity Apex,01-Aug-2026,3249.35,3835.35,4528.85,18473.85,2025-12-24T07:49:46+00:00
Celebrity Apex,15-Aug-2026,2226.18,3280.68,4039.68,6007.18,2025-12-24T07:49:46+00:00
Celebrity Apex,22-Aug-2026,N/A,N/A,N/A,6064.55,2025-12-24T07:49:46+00:00
Celebrity Apex,29-Aug-2026,3599.8,4045.3,6390.3,N/A,2025-12-24T07:49:46+00:00
Celebrity Ascent,06-Jul-2026,2379.65,3057.65,3440.65,5865.65,2025-12-24T07:49:46+00:00
Celebrity Ascent,17-Jul-2026,1925.37,2648.87,3654.87,12197.87,2025-12-24T07:49:46+00:00
Celebrity Ascent,27-Jul-2026,2200.87,2804.87,3062.87,5112.37,2025-12-24T07:49:46+00:00
Celebrity Ascent,07-Aug-2026,2283.46,2960.96,3652.46,6487.46,2025-12-24T07:49:46+00:00
Celebrity Ascent,17-Aug-2026,2298.22,3098.22,3514.22,5022.72,2025-12-24T07:49:46+00:00
Celebrity Ascent,28-Aug-2026,2343.59,2728.59,3473.59,7961.59,2025-12-24T07:49:46+00:00
Celebrity Beyond,05-Jul-2026,1241.17,1241.17,1493.67,3375.17,2025-12-24T07:49:46+00:00
Celebrity Beyond,12-Jul-2026,1004.2,1256.2,1514.2,3425.2,2025-12-24T07:49:46+00:00
Celebrity Beyond,19-Jul-2026,1186.98,1318.48,1460.98,4051.98,2025-12-24T07:49:46+00:00
Celebrity Beyond,26-Jul-2026,1401.69,1559.69,1709.69,3157.19,2025-12-24T07:49:46+00:00
Celebrity Beyond,02-Aug-2026,1133.62,1158.12,1289.12,2661.12,2025-12-24T07:49:46+00:00
Celebrity Beyond,09-Aug-2026,1130.94,1226.94,1498.94,3021.44,2025-12-24T07:49:46+00:00
Celebrity Beyond,16-Aug-2026,1065.56,1075.06,1368.56,2561.06,2025-12-24T07:49:46+00:00
Celebrity Beyond,23-Aug-2026,899.94,1079.44,1413.94,2680.94,2025-12-24T07:49:51+00:00
Celebrity Beyond,30-Aug-2026,739.17,825.17,996.67,2728.67,2025-12-24T07:49:51+00:00
Celebrity Constellation,10-Jul-2026,1228.2,1607.7,2277.7,5058.2,2025-12-24T07:49:51+00:00
Celebrity Constellation,20-Jul-2026,1353.91,1372.91,1899.41,4391.91,2025-12-24T07:49:51+00:00
Celebrity Constellation,31-Jul-2026,1198.5,1299.0,1999.0,4893.5,2025-12-24T07:49:51+00:00
Celebrity Constellation,10-Aug-2026,1399.41,1499.41,2298.91,5245.41,2025-12-24T07:49:51+00:00
Celebrity Constellation,21-Aug-2026,1399.37,1699.37,2398.87,4780.37,2025-12-24T07:49:51+00:00
Celebrity Constellation,31-Aug-2026,1398.68,1424.68,2398.68,7056.18,2025-12-24T07:49:51+00:00
Celebrity Eclipse,03-Jul-2026,2841.96,3103.46,3092.46,7528.46,2025-12-24T07:49:51+00:00
Celebrity Eclipse,15-Jul-2026,3017.13,N/A,5413.63,21643.13,2025-12-24T07:49:51+00:00
Celebrity Eclipse,26-Jul-2026,2548.93,2549.43,4321.93,7392.93,2025-12-24T07:49:51+00:00
Celebrity Eclipse,02-Aug-2026,3076.84,3121.34,N/A,11071.84,2025-12-24T07:49:51+00:00
Celebrity Eclipse,14-Aug-2026,4325.06,N/A,7585.06,N/A,2025-12-24T07:49:51+00:00
Celebrity Eclipse,26-Aug-2026,2483.68,2501.18,3101.18,8082.68,2025-12-24T07:49:51+00:00
Celebrity Edge,03-Jul-2026,1406.89,N/A,2522.39,5210.89,2025-12-24T07:49:51+00:00
Celebrity Edge,10-Jul-2026,N/A,N/A,2312.31,5880.81,2025-12-24T07:49:51+00:00
Celebrity Edge,17-Jul-2026,N/A,2007.41,2571.41,5261.41,2025-12-24T07:49:51+00:00
Celebrity Edge,24-Jul-2026,1570.17,2273.67,2312.67,5076.17,2025-12-24T07:49:51+00:00
Celebrity Edge,31-Jul-2026,1558.55,1970.55,2675.05,5627.55,2025-12-24T07:49:51+00:00
Celebrity Edge,07-Aug-2026,1609.24,1977.24,2381.24,5639.74,2025-12-24T07:49:51+00:00
Celebrity Edge,14-Aug-2026,1563.24,1801.24,2391.24,4870.24,2025-12-24T07:49:56+00:00
Celebrity Edge,21-Aug-2026,1186.24,1527.24,1889.24,4141.74,2025-12-24T07:49:56+00:00
Celebrity Edge,28-Aug-2026,1093.55,1213.55,1692.05,4465.55,2025-12-24T07:49:56+00:00
Celebrity Equinox,16-Jul-2026,2218.2,2723.7,2875.2,9298.2,2025-12-24T07:49:56+00:00
Celebrity Equinox,28-Jul-2026,1498.78,1624.28,1848.78,4297.28,2025-12-24T07:49:56+00:00
Celebrity Equinox,15-Aug-2026,1549.45,1948.95,1973.95,4948.95,2025-12-24T07:49:56+00:00
Celebrity Equinox,25-Aug-2026,1273.8,1803.8,1799.3,3938.3,2025-12-24T07:49:56+00:00
Celebrity Flora,05-Jul-2026,N/A,N/A,N/A,11987.0,2025-12-24T07:49:56+00:00
Celebrity Flora,05-Jul-2026,N/A,N/A,N/A,12136.5,2025-12-24T07:49:56+00:00
Celebrity Flora,05-Jul-2026,N/A,N/A,N/A,20336.5,2025-12-24T07:49:56+00:00
Celebrity Flora,05-Jul-2026,N/A,N/A,N/A,9987.0,2025-12-24T07:49:56+00:00
Celebrity Flora,12-Jul-2026,N/A,N/A,N/A,10680.0,2025-12-24T07:49:56+00:00
Celebrity Flora,12-Jul-2026,N/A,N/A,N/A,10829.5,2025-12-24T07:49:56+00:00
Celebrity Flora,12-Jul-2026,N/A,N/A,N/A,19029.5,2025-12-24T07:49:56+00:00
Celebrity Flora,12-Jul-2026,N/A,N/A,N/A,8408.0,2025-12-24T07:49:56+00:00
Celebrity Flora,19-Jul-2026,N/A,N/A,N/A,11090.0,2025-12-24T07:49:56+00:00
Celebrity Flora,19-Jul-2026,N/A,N/A,N/A,11239.5,2025-12-24T07:49:56+00:00
Celebrity Flora,19-Jul-2026,N/A,N/A,N/A,19439.5,2025-12-24T07:49:56+00:00
Celebrity Flora,19-Jul-2026,N/A,N/A,N/A,9090.0,2025-12-24T07:49:56+00:00
Celebrity Flora,26-Jul-2026,N/A,N/A,N/A,13499.0,2025-12-24T07:49:56+00:00
Celebrity Flora,26-Jul-2026,N/A,N/A,N/A,13648.5,2025-12-24T07:50:01+00:00
Celebrity Flora,26-Jul-2026,N/A,N/A,N/A,21848.5,2025-12-24T07:50:01+00:00
Celebrity Flora,26-Jul-2026,N/A,N/A,N/A,11499.0,2025-12-24T07:50:01+00:00
Celebrity Flora,02-Aug-2026,N/A,N/A,N/A,13051.0,2025-12-24T07:50:01+00:00
Celebrity Flora,02-Aug-2026,N/A,N/A,N/A,13200.5,2025-12-24T07:50:01+00:00
Celebrity Flora,02-Aug-2026,N/A,N/A,N/A,21400.5,2025-12-24T07:50:01+00:00
Celebrity Flora,02-Aug-2026,N/A,N/A,N/A,11051.0,2025-12-24T07:50:01+00:00
Celebrity Flora,09-Aug-2026,N/A,N/A,N/A,10210.0,2025-12-24T07:50:01+00:00
Celebrity Flora,09-Aug-2026,N/A,N/A,N/A,10359.5,2025-12-24T07:50:01+00:00
Celebrity Flora,09-Aug-2026,N/A,N/A,N/A,18559.5,2025-12-24T07:50:01+00:00
Celebrity Flora,09-Aug-2026,N/A,N/A,N/A,8210.0,2025-12-24T07:50:01+00:00
Celebrity Flora,16-Aug-2026,N/A,N/A,N/A,13048.0,2025-12-24T07:50:01+00:00
Celebrity Flora,16-Aug-2026,N/A,N/A,N/A,13197.5,2025-12-24T07:50:01+00:00
Celebrity Flora,16-Aug-2026,N/A,N/A,N/A,21397.5,2025-12-24T07:50:01+00:00
Celebrity Flora,16-Aug-2026,N/A,N/A,N/A,11048.0,2025-12-24T07:50:01+00:00
Celebrity Flora,23-Aug-2026,N/A,N/A,N/A,10268.0,2025-12-24T07:50:01+00:00
Celebrity Flora,23-Aug-2026,N/A,N/A,N/A,10418.5,2025-12-24T07:50:01+00:00
Celebrity Flora,23-Aug-2026,N/A,N/A,N/A,18618.5,2025-12-24T07:50:01+00:00
Celebrity Flora,23-Aug-2026,N/A,N/A,N/A,8268.0,2025-12-24T07:50:01+00:00
Celebrity Flora,30-Aug-2026,N/A,N/A,N/A,10744.0,2025-12-24T07:50:01+00:00
Celebrity Flora,30-Aug-2026,N/A,N/A,N/A,10893.5,2025-12-24T07:50:05+00:00
Celebrity Flora,30-Aug-2026,N/A,N/A,N/A,19093.5,2025-12-24T07:50:05+00:00
Celebrity Flora,30-Aug-2026,N/A,N/A,N/A,8744.0,2025-12-24T07:50:05+00:00
Celebrity Infinity,04-Jul-2026,1252.14,1347.14,1655.14,2998.64,2025-12-24T07:50:05+00:00
Celebrity Infinity,11-Jul-2026,1114.53,1209.53,1422.03,2955.03,2025-12-24T07:50:05+00:00
Celebrity Infinity,18-Jul-2026,1178.45,1225.95,1340.95,2585.95,2025-12-24T07:50:05+00:00
Celebrity Infinity,25-Jul-2026,1208.41,1202.91,1448.41,2846.41,2025-12-24T07:50:05+00:00
Celebrity Infinity,01-Aug-2026,1154.08,1201.58,1523.58,2905.08,2025-12-24T07:50:05+00:00
Celebrity Infinity,08-Aug-2026,1202.91,1298.41,1648.41,2848.91,2025-12-24T07:50:05+00:00
Celebrity Infinity,15-Aug-2026,1076.12,1110.62,1423.12,2896.62,2025-12-24T07:50:05+00:00
Celebrity Infinity,23-Aug-2026,1109.69,1203.69,1390.19,2788.69,2025-12-24T07:50:05+00:00
Celebrity Infinity,30-Aug-2026,1109.5,1299.5,1796.5,3248.5,2025-12-24T07:50:05+00:00
Celebrity Millennium,01-Jul-2026,2224.47,2327.97,3804.97,N/A,2025-12-24T07:50:05+00:00
Celebrity Millennium,13-Jul-2026,3127.3,2006.3,3300.3,N/A,2025-12-24T07:50:05+00:00
Celebrity Millennium,25-Jul-2026,2098.29,2064.79,3153.29,N/A,2025-12-24T07:50:05+00:00
Celebrity Millennium,06-Aug-2026,N/A,2396.2,2791.7,5148.7,2025-12-24T07:50:05+00:00
Celebrity Millennium,18-Aug-2026,2040.05,2326.55,2788.55,4812.55,2025-12-24T07:50:05+00:00
Celebrity Millennium,30-Aug-2026,1952.86,2306.36,2927.86,5028.86,2025-12-24T07:50:05+00:00
Celebrity Reflection,03-Jul-2026,451.02,481.02,509.02,1058.52,2025-12-24T07:50:05+00:00
Celebrity Reflection,06-Jul-2026,443.88,512.38,539.88,1189.88,2025-12-24T07:50:05+00:00
Celebrity Reflection,10-Jul-2026,445.21,510.21,535.21,1067.21,2025-12-24T07:50:09+00:00
Celebrity Reflection,13-Jul-2026,498.64,565.14,597.64,1380.64,2025-12-24T07:50:09+00:00
Celebrity Reflection,17-Jul-2026,452.45,498.45,526.45,1115.45,2025-12-24T07:50:09+00:00
Celebrity Reflection,20-Jul-2026,426.25,426.75,595.75,1305.75,2025-12-24T07:50:09+00:00
Celebrity Reflection,01-Aug-2026,701.91,745.41,748.41,2236.41,2025-12-24T07:50:09+00:00
Celebrity Reflection,07-Aug-2026,397.21,467.21,495.21,1139.71,2025-12-24T07:50:09+00:00
Celebrity Reflection,10-Aug-2026,396.84,487.34,514.84,1206.84,2025-12-24T07:50:09+00:00
Celebrity Reflection,14-Aug-2026,331.41,447.91,475.41,1042.41,2025-12-24T07:50:09+00:00
Celebrity Reflection,17-Aug-2026,453.08,536.08,606.08,1093.58,2025-12-24T07:50:09+00:00
Celebrity Reflection,21-Aug-2026,359.71,460.21,488.71,1006.21,2025-12-24T07:50:09+00:00
Celebrity Reflection,24-Aug-2026,389.44,533.44,607.94,1063.44,2025-12-24T07:50:09+00:00
Celebrity Reflection,28-Aug-2026,401.41,451.41,482.41,1103.91,2025-12-24T07:50:09+00:00
Celebrity Reflection,31-Aug-2026,446.08,564.08,591.58,1220.58,2025-12-24T07:50:09+00:00
Celebrity Silhouette,04-Jul-2026,1762.55,1901.05,2171.55,5910.05,2025-12-24T07:50:09+00:00
Celebrity Silhouette,11-Jul-2026,1614.68,1862.18,2190.68,5521.18,2025-12-24T07:50:09+00:00
Celebrity Silhouette,18-Jul-2026,1448.54,N/A,2307.54,6241.04,2025-12-24T07:50:09+00:00
Celebrity Silhouette,25-Jul-2026,1598.71,1902.71,2157.71,5284.21,2025-12-24T07:50:09+00:00
Celebrity Silhouette,01-Aug-2026,1610.21,2103.21,2455.71,5050.71,2025-12-24T07:50:09+00:00
Celebrity Silhouette,15-Aug-2026,1654.23,2171.23,2231.23,5996.73,2025-12-24T07:50:09+00:00
Celebrity Silhouette,22-Aug-2026,3497.76,4849.76,4598.26,N/A,2025-12-24T07:50:09+00:00
Celebrity Solstice,05-Jul-2026,1029.9,1260.4,1702.4,3492.4,2025-12-24T07:50:15+00:00
Celebrity Solstice,12-Jul-2026,1502.63,1946.13,1593.63,4409.63,2025-12-24T07:50:15+00:00
Celebrity Solstice,19-Jul-2026,1158.14,1488.64,1996.14,3916.64,2025-12-24T07:50:15+00:00
Celebrity Solstice,26-Jul-2026,1347.13,1530.63,2216.13,4124.63,2025-12-24T07:50:15+00:00
Celebrity Solstice,02-Aug-2026,1062.97,1396.47,1887.47,3234.97,2025-12-24T07:50:15+00:00
Celebrity Solstice,09-Aug-2026,1113.63,1533.63,2007.13,4029.63,2025-12-24T07:50:15+00:00
Celebrity Solstice,16-Aug-2026,1039.33,1417.33,1711.33,3274.33,2025-12-24T07:50:15+00:00
Celebrity Solstice,23-Aug-2026,1163.13,1485.63,1582.13,3690.13,2025-12-24T07:50:15+00:00
Celebrity Solstice,30-Aug-2026,1056.22,1420.72,1574.22,3921.22,2025-12-24T07:50:15+00:00
Celebrity Summit,03-Jul-2026,1142.71,1446.21,2954.21,5505.21,2025-12-24T07:50:15+00:00
Celebrity Summit,03-Jul-2026,2676.21,2890.71,3715.71,6465.71,2025-12-24T07:50:15+00:00
Celebrity Summit,03-Jul-2026,3371.71,3521.71,4346.71,7096.71,2025-12-24T07:50:15+00:00
Celebrity Summit,03-Jul-2026,2623.71,2840.71,3665.71,6415.71,2025-12-24T07:50:15+00:00
Celebrity Summit,03-Jul-2026,2791.71,3003.21,3828.21,6578.21,2025-12-24T07:50:15+00:00
Celebrity Summit,03-Jul-2026,3294.21,3606.21,5151.71,7765.71,2025-12-24T07:50:15+00:00
Celebrity Summit,03-Jul-2026,3521.71,3671.71,4496.71,7246.71,2025-12-24T07:50:15+00:00
Celebrity Summit,03-Jul-2026,3357.71,3640.71,4465.71,7215.71,2025-12-24T07:50:15+00:00
Celebrity Summit,03-Jul-2026,4015.21,4165.71,4990.71,7740.71,2025-12-24T07:50:15+00:00
Celebrity Summit,03-Jul-2026,4990.71,5140.71,5965.71,8715.71,2025-12-24T07:50:15+00:00
Celebrity Summit,03-Jul-2026,4015.21,4190.71,5015.71,7765.71,2025-12-24T07:50:15+00:00
Celebrity Summit,03-Jul-2026,3829.21,4065.71,4890.71,7640.71,2025-12-24T07:50:18+00:00
Celebrity Summit,10-Jul-2026,3707.91,N/A,5143.41,N/A,2025-12-24T07:50:18+00:00
Celebrity Summit,10-Jul-2026,3707.91,N/A,5118.41,N/A,2025-12-24T07:50:18+00:00
Celebrity Summit,10-Jul-2026,3050.41,N/A,4593.41,N/A,2025-12-24T07:50:18+00:00
Celebrity Summit,10-Jul-2026,3233.41,N/A,5580.41,N/A,2025-12-24T07:50:18+00:00
Celebrity Summit,10-Jul-2026,2986.91,N/A,5334.41,N/A,2025-12-24T07:50:18+00:00
Celebrity Summit,10-Jul-2026,3137.91,N/A,4474.41,N/A,2025-12-24T07:50:18+00:00
Celebrity Summit,10-Jul-2026,2316.41,N/A,3793.41,N/A,2025-12-24T07:50:18+00:00
Celebrity Summit,10-Jul-2026,795.91,N/A,3085.91,N/A,2025-12-24T07:50:18+00:00
Celebrity Summit,17-Jul-2026,973.47,1687.97,3171.97,N/A,2025-12-24T07:50:18+00:00
Celebrity Summit,17-Jul-2026,3174.47,3524.47,4349.47,N/A,2025-12-24T07:50:18+00:00
Celebrity Summit,17-Jul-2026,2587.97,3005.97,3830.97,N/A,2025-12-24T07:50:18+00:00
Celebrity Summit,17-Jul-2026,2450.47,3182.97,4703.97,N/A,2025-12-24T07:50:18+00:00
Celebrity Summit,17-Jul-2026,3121.47,3853.47,5268.47,N/A,2025-12-24T07:50:18+00:00
Celebrity Summit,17-Jul-2026,2832.97,3564.47,5085.97,N/A,2025-12-24T07:50:18+00:00
Celebrity Summit,17-Jul-2026,3068.97,3238.97,4457.97,5636.97,2025-12-24T07:50:18+00:00
Celebrity Summit,17-Jul-2026,3183.97,3643.47,4468.47,7618.97,2025-12-24T07:50:18+00:00
Celebrity Summit,17-Jul-2026,3841.47,4193.47,5018.47,N/A,2025-12-24T07:50:18+00:00
Celebrity Summit,17-Jul-2026,3655.97,4068.47,4893.47,N/A,2025-12-24T07:50:18+00:00
Celebrity Summit,17-Jul-2026,4793.47,5143.47,5968.47,N/A,2025-12-24T07:50:18+00:00
Celebrity Summit,24-Jul-2026,3537.65,4245.65,5070.65,7820.65,2025-12-24T07:50:22+00:00
Celebrity Summit,24-Jul-2026,3723.15,4370.65,5195.65,N/A,2025-12-24T07:50:22+00:00
Celebrity Summit,24-Jul-2026,3066.15,3820.65,4645.65,N/A,2025-12-24T07:50:22+00:00
Celebrity Summit,24-Jul-2026,3248.65,3851.65,4676.65,N/A,2025-12-24T07:50:22+00:00
Celebrity Summit,24-Jul-2026,2714.15,3991.15,5409.15,N/A,2025-12-24T07:50:22+00:00
Celebrity Summit,24-Jul-2026,3003.15,4280.15,5445.65,N/A,2025-12-24T07:50:22+00:00
Celebrity Summit,24-Jul-2026,2500.15,3183.15,4008.15,N/A,2025-12-24T07:50:22+00:00
Celebrity Summit,24-Jul-2026,2331.65,3608.65,5027.65,N/A,2025-12-24T07:50:22+00:00
Celebrity Summit,24-Jul-2026,811.15,2056.65,3440.65,5012.65,2025-12-24T07:50:22+00:00
Celebrity Summit,31-Jul-2026,768.47,942.97,2130.47,4616.47,2025-12-24T07:50:22+00:00
Celebrity Summit,31-Jul-2026,3112.97,3291.47,4399.47,N/A,2025-12-24T07:50:22+00:00
Celebrity Summit,31-Jul-2026,2291.47,2470.47,3686.97,N/A,2025-12-24T07:50:22+00:00
Celebrity Summit,31-Jul-2026,2343.97,2522.97,3739.47,6287.97,2025-12-24T07:50:22+00:00
Celebrity Summit,31-Jul-2026,2459.47,2638.47,3855.47,N/A,2025-12-24T07:50:22+00:00
Celebrity Summit,31-Jul-2026,2673.47,2851.97,4069.47,N/A,2025-12-24T07:50:22+00:00
Celebrity Summit,31-Jul-2026,2961.97,3140.97,4358.47,N/A,2025-12-24T07:50:22+00:00
Celebrity Summit,31-Jul-2026,3025.47,3203.97,4421.47,N/A,2025-12-24T07:50:22+00:00
Celebrity Summit,31-Jul-2026,3207.97,3386.47,4549.47,N/A,2025-12-24T07:50:22+00:00
Celebrity Summit,31-Jul-2026,3682.97,3861.47,5043.47,N/A,2025-12-24T07:50:22+00:00
Celebrity Summit,31-Jul-2026,4907.97,5086.47,6018.47,N/A,2025-12-24T07:50:22+00:00
Celebrity Summit,31-Jul-2026,3496.47,3675.47,4892.97,N/A,2025-12-24T07:50:27+00:00
Celebrity Summit,31-Jul-2026,3682.97,3861.47,5068.47,N/A,2025-12-24T07:50:27+00:00
Celebrity Summit,07-Aug-2026,3595.13,3975.13,5916.63,N/A,2025-12-24T07:50:27+00:00
Celebrity Summit,07-Aug-2026,3409.13,3789.13,5070.63,N/A,2025-12-24T07:50:27+00:00
Celebrity Summit,07-Aug-2026,3595.13,3975.13,5195.63,N/A,2025-12-24T07:50:27+00:00
Celebrity Summit,07-Aug-2026,3120.63,3500.63,4676.63,N/A,2025-12-24T07:50:27+00:00
Celebrity Summit,07-Aug-2026,2938.13,3318.13,4645.63,N/A,2025-12-24T07:50:27+00:00
Celebrity Summit,07-Aug-2026,2875.13,3255.13,5196.63,N/A,2025-12-24T07:50:27+00:00
Celebrity Summit,07-Aug-2026,2203.63,2583.63,4525.63,N/A,2025-12-24T07:50:27+00:00
Celebrity Summit,07-Aug-2026,2371.63,2751.63,4008.13,N/A,2025-12-24T07:50:27+00:00
Celebrity Summit,07-Aug-2026,745.13,1056.63,2951.13,N/A,2025-12-24T07:50:27+00:00
Celebrity Summit,14-Aug-2026,803.97,997.97,2381.47,4001.47,2025-12-24T07:50:27+00:00
Celebrity Summit,14-Aug-2026,1952.97,2152.97,3571.47,5230.97,2025-12-24T07:50:27+00:00
Celebrity Summit,14-Aug-2026,2326.97,2527.97,4097.97,N/A,2025-12-24T07:50:27+00:00
Celebrity Summit,14-Aug-2026,2372.97,2643.47,4213.47,N/A,2025-12-24T07:50:27+00:00
Celebrity Summit,14-Aug-2026,2204.47,2475.47,4045.47,N/A,2025-12-24T07:50:27+00:00
Celebrity Summit,14-Aug-2026,3095.97,3296.47,4714.47,6374.47,2025-12-24T07:50:27+00:00
Celebrity Summit,14-Aug-2026,3781.97,3970.47,5118.47,N/A,2025-12-24T07:50:27+00:00
Celebrity Summit,14-Aug-2026,2544.47,2732.97,3880.97,N/A,2025-12-24T07:50:27+00:00
Celebrity Summit,14-Aug-2026,2938.97,3208.97,4779.47,N/A,2025-12-24T07:50:27+00:00
Celebrity Summit,14-Aug-2026,3121.47,3391.97,4961.97,N/A,2025-12-24T07:50:32+00:00
Celebrity Summit,14-Aug-2026,3595.97,3866.47,5436.47,N/A,2025-12-24T07:50:32+00:00
Celebrity Summit,14-Aug-2026,3410.47,3680.97,5250.97,N/A,2025-12-24T07:50:32+00:00
Celebrity Summit,14-Aug-2026,4821.47,5091.97,6661.97,N/A,2025-12-24T07:50:32+00:00
Celebrity Summit,14-Aug-2026,3595.97,3866.47,5436.47,N/A,2025-12-24T07:50:32+00:00
Celebrity Summit,21-Aug-2026,3505.0,3966.5,5103.0,N/A,2025-12-24T07:50:32+00:00
Celebrity Summit,21-Aug-2026,3244.0,3706.0,4978.0,N/A,2025-12-24T07:50:32+00:00
Celebrity Summit,21-Aug-2026,3481.5,3943.5,5078.0,N/A,2025-12-24T07:50:32+00:00
Celebrity Summit,21-Aug-2026,3032.5,3494.0,4553.0,N/A,2025-12-24T07:50:32+00:00
Celebrity Summit,21-Aug-2026,3106.5,3568.5,4584.0,N/A,2025-12-24T07:50:32+00:00
Celebrity Summit,21-Aug-2026,2773.0,3235.0,4797.5,N/A,2025-12-24T07:50:32+00:00
Celebrity Summit,21-Aug-2026,2565.0,3026.5,4589.0,N/A,2025-12-24T07:50:32+00:00
Celebrity Summit,21-Aug-2026,2121.0,2583.0,4145.5,N/A,2025-12-24T07:50:32+00:00
Celebrity Summit,21-Aug-2026,2181.5,2643.5,4206.0,N/A,2025-12-24T07:50:32+00:00
Celebrity Summit,21-Aug-2026,2974.0,3436.0,4434.0,N/A,2025-12-24T07:50:32+00:00
Celebrity Summit,21-Aug-2026,2320.5,2782.5,3915.5,N/A,2025-12-24T07:50:32+00:00
Celebrity Summit,21-Aug-2026,718.0,1168.5,2693.0,3748.0,2025-12-24T07:50:32+00:00
Celebrity Summit,28-Aug-2026,690.06,885.06,2064.06,N/A,2025-12-24T07:50:32+00:00
Celebrity Summit,28-Aug-2026,2156.56,2356.56,3524.56,N/A,2025-12-24T07:50:32+00:00
Celebrity Summit,28-Aug-2026,2095.56,2295.06,3474.56,N/A,2025-12-24T07:50:32+00:00
Celebrity Summit,28-Aug-2026,2295.06,2495.06,3637.06,5317.56,2025-12-24T07:50:35+00:00
Celebrity Summit,28-Aug-2026,2949.06,3149.06,4155.56,N/A,2025-12-24T07:50:35+00:00
Celebrity Summit,28-Aug-2026,2539.56,2739.56,3837.06,N/A,2025-12-24T07:50:35+00:00
Celebrity Summit,28-Aug-2026,2747.56,2947.56,4155.56,N/A,2025-12-24T07:50:35+00:00
Celebrity Summit,28-Aug-2026,3081.56,3281.56,4305.56,N/A,2025-12-24T07:50:35+00:00
Celebrity Summit,28-Aug-2026,3007.06,3207.06,4274.56,N/A,2025-12-24T07:50:35+00:00
Celebrity Summit,28-Aug-2026,3456.56,3656.56,4799.56,N/A,2025-12-24T07:50:35+00:00
Celebrity Summit,28-Aug-2026,4696.56,4896.56,5774.56,N/A,2025-12-24T07:50:35+00:00
Celebrity Summit,28-Aug-2026,3448.56,3648.56,4824.56,N/A,2025-12-24T07:50:35+00:00
Celebrity Summit,04-Sep-2026,3450.77,3713.77,4920.27,9571.27,2025-12-24T07:50:35+00:00
Celebrity Summit,04-Sep-2026,3473.27,3737.27,4943.27,9596.27,2025-12-24T07:50:35+00:00
Celebrity Summit,04-Sep-2026,3213.27,3476.27,4682.77,9471.27,2025-12-24T07:50:35+00:00
Celebrity Summit,04-Sep-2026,3075.77,3338.77,4438.77,9077.77,2025-12-24T07:50:35+00:00
Celebrity Summit,04-Sep-2026,3000.77,3264.77,4407.77,9046.27,2025-12-24T07:50:35+00:00
Celebrity Summit,04-Sep-2026,2742.27,3005.27,4211.27,9846.27,2025-12-24T07:50:35+00:00
Celebrity Summit,04-Sep-2026,2533.77,2797.27,3970.27,5187.77,2025-12-24T07:50:35+00:00
Celebrity Xcel,04-Jul-2026,2434.63,2529.63,3030.13,5589.63,2025-12-24T07:50:35+00:00
Celebrity Xcel,11-Jul-2026,2105.79,2598.79,2553.29,4278.79,2025-12-24T07:50:35+00:00
Celebrity Xcel,18-Jul-2026,1873.91,2363.91,2338.41,4866.91,2025-12-24T07:50:35+00:00
Celebrity Xcel,25-Jul-2026,2249.57,2587.07,2908.07,4335.57,2025-12-24T07:50:35+00:00
Celebrity Xcel,01-Aug-2026,2626.13,2715.63,3354.63,5498.13,2025-12-24T07:50:39+00:00
Celebrity Xcel,08-Aug-2026,2630.44,2908.94,3073.94,4468.94,2025-12-24T07:50:39+00:00
Celebrity Xcel,15-Aug-2026,2532.37,2721.37,3074.37,5223.87,2025-12-24T07:50:39+00:00
Celebrity Xcel,22-Aug-2026,2648.8,2748.8,3173.8,4902.3,2025-12-24T07:50:39+00:00
Celebrity Xcel,29-Aug-2026,2908.15,3377.65,4167.15,5450.15,2025-12-24T07:50:39+00:00
Celebrity Apex,12-Sep-2026,4357.97,5566.47,6233.47,N/A,2025-12-24T07:50:43+00:00
Celebrity Apex,26-Sep-2026,3068.57,4491.57,4441.07,N/A,2025-12-24T07:50:43+00:00
Celebrity Apex,07-Oct-2026,2224.99,4325.49,4023.49,N/A,2025-12-24T07:50:43+00:00
Celebrity Apex,18-Oct-2026,1792.5,1949.5,2663.5,27275.5,2025-12-24T07:50:43+00:00
Celebrity Apex,31-Oct-2026,888.84,1074.34,1243.34,3463.84,2025-12-24T07:50:43+00:00
Celebrity Ascent,07-Sep-2026,2325.92,2917.42,3322.92,6934.92,2025-12-24T07:50:43+00:00
Celebrity Ascent,18-Sep-2026,3703.38,3886.88,4150.88,9277.38,2025-12-24T07:50:43+00:00
Celebrity Ascent,28-Sep-2026,2326.4,2594.9,3304.9,6526.4,2025-12-24T07:50:43+00:00
Celebrity Ascent,09-Oct-2026,2187.22,2812.22,3773.22,9543.72,2025-12-24T07:50:43+00:00
Celebrity Ascent,19-Oct-2026,2159.4,2403.9,3021.9,5553.9,2025-12-24T07:50:43+00:00
Celebrity Ascent,30-Oct-2026,1350.2,1956.7,2535.2,N/A,2025-12-24T07:50:43+00:00
Celebrity Beyond,06-Sep-2026,724.1,867.1,1177.1,2481.6,2025-12-24T07:50:43+00:00
Celebrity Beyond,13-Sep-2026,915.56,915.56,1130.56,3584.56,2025-12-24T07:50:43+00:00
Celebrity Beyond,20-Sep-2026,756.1,869.6,1096.6,2444.6,2025-12-24T07:50:43+00:00
Celebrity Beyond,27-Sep-2026,818.17,896.17,1236.67,2807.67,2025-12-24T07:50:43+00:00
Celebrity Beyond,04-Oct-2026,820.3,982.3,1116.8,4236.8,2025-12-24T07:50:43+00:00
Celebrity Beyond,11-Oct-2026,815.25,916.25,1286.25,4165.75,2025-12-24T07:50:43+00:00
Celebrity Beyond,18-Oct-2026,825.3,984.3,1312.8,3955.3,2025-12-24T07:50:43+00:00
Celebrity Beyond,25-Oct-2026,957.0,987.5,1082.5,4387.0,2025-12-24T07:50:43+00:00
Celebrity Constellation,11-Sep-2026,1498.44,1898.44,4298.44,8048.44,2025-12-24T07:50:43+00:00
Celebrity Constellation,21-Sep-2026,1598.18,1998.18,3972.68,N/A,2025-12-24T07:50:49+00:00
Celebrity Constellation,02-Oct-2026,1499.16,1799.16,2899.16,6146.66,2025-12-24T07:50:49+00:00
Celebrity Constellation,12-Oct-2026,1298.68,1498.68,2498.68,7266.18,2025-12-24T07:50:49+00:00
Celebrity Constellation,23-Oct-2026,1399.16,1699.16,2799.16,5067.16,2025-12-24T07:50:49+00:00
Celebrity Eclipse,07-Sep-2026,2148.1,N/A,2791.6,8053.1,2025-12-24T07:50:49+00:00
Celebrity Eclipse,18-Sep-2026,2641.74,2947.24,4103.24,8677.24,2025-12-24T07:50:49+00:00
Celebrity Eclipse,28-Sep-2026,2338.71,2937.21,2998.71,7745.21,2025-12-24T07:50:49+00:00
Celebrity Eclipse,09-Oct-2026,1985.59,2807.59,2702.09,7564.09,2025-12-24T07:50:49+00:00
Celebrity Eclipse,19-Oct-2026,1858.84,2481.34,2520.34,7571.34,2025-12-24T07:50:49+00:00
Celebrity Eclipse,30-Oct-2026,2104.13,2488.63,2488.63,7135.13,2025-12-24T07:50:49+00:00
Celebrity Edge,04-Sep-2026,1075.33,1417.33,1684.33,5054.83,2025-12-24T07:50:49+00:00
Celebrity Edge,11-Sep-2026,987.54,1381.54,1808.04,4098.04,2025-12-24T07:50:49+00:00
Celebrity Edge,18-Sep-2026,1598.3,1566.3,2020.8,5861.3,2025-12-24T07:50:49+00:00
Celebrity Edge,28-Sep-2026,3673.11,3723.61,4495.61,15653.61,2025-12-24T07:50:49+00:00
Celebrity Edge,17-Oct-2026,2095.79,2214.29,2303.79,5571.79,2025-12-24T07:50:49+00:00
Celebrity Edge,28-Oct-2026,2524.16,2523.66,2959.16,6216.66,2025-12-24T07:50:49+00:00
Celebrity Equinox,03-Sep-2026,1723.76,2573.76,2724.26,7304.76,2025-12-24T07:50:49+00:00
Celebrity Equinox,12-Sep-2026,N/A,2723.72,3499.22,5763.72,2025-12-24T07:50:49+00:00
Celebrity Equinox,22-Sep-2026,1724.21,1823.71,2049.21,6098.21,2025-12-24T07:50:49+00:00
Celebrity Equinox,01-Oct-2026,1998.62,N/A,2348.62,8434.62,2025-12-24T07:50:49+00:00
Celebrity Equinox,10-Oct-2026,1498.6,1623.1,1748.6,4852.1,2025-12-24T07:50:54+00:00
Celebrity Equinox,20-Oct-2026,1398.28,1899.28,1824.28,4232.78,2025-12-24T07:50:54+00:00
Celebrity Equinox,30-Oct-2026,1298.82,1524.32,1598.82,5724.82,2025-12-24T07:50:54+00:00
Celebrity Flora,06-Sep-2026,N/A,N/A,N/A,9801.0,2025-12-24T07:50:54+00:00
Celebrity Flora,06-Sep-2026,N/A,N/A,N/A,9951.5,2025-12-24T07:50:54+00:00
Celebrity Flora,06-Sep-2026,N/A,N/A,N/A,18151.5,2025-12-24T07:50:54+00:00
Celebrity Flora,06-Sep-2026,N/A,N/A,N/A,7801.0,2025-12-24T07:50:54+00:00
Celebrity Flora,13-Sep-2026,N/A,N/A,N/A,10108.0,2025-12-24T07:50:54+00:00
Celebrity Flora,13-Sep-2026,N/A,N/A,N/A,10257.5,2025-12-24T07:50:54+00:00
Celebrity Flora,13-Sep-2026,N/A,N/A,N/A,18457.5,2025-12-24T07:50:54+00:00
Celebrity Flora,13-Sep-2026,N/A,N/A,N/A,8108.0,2025-12-24T07:50:54+00:00
Celebrity Flora,20-Sep-2026,N/A,N/A,N/A,10800.0,2025-12-24T07:50:54+00:00
Celebrity Flora,20-Sep-2026,N/A,N/A,N/A,10950.5,2025-12-24T07:50:54+00:00
Celebrity Flora,20-Sep-2026,N/A,N/A,N/A,19150.5,2025-12-24T07:50:54+00:00
Celebrity Flora,20-Sep-2026,N/A,N/A,N/A,8800.0,2025-12-24T07:50:54+00:00
Celebrity Flora,27-Sep-2026,N/A,N/A,N/A,10594.0,2025-12-24T07:50:54+00:00
Celebrity Flora,27-Sep-2026,N/A,N/A,N/A,10743.5,2025-12-24T07:50:54+00:00
Celebrity Flora,27-Sep-2026,N/A,N/A,N/A,18943.5,2025-12-24T07:50:54+00:00
Celebrity Flora,27-Sep-2026,N/A,N/A,N/A,8594.0,2025-12-24T07:50:54+00:00
Celebrity Flora,04-Oct-2026,N/A,N/A,N/A,11029.0,2025-12-24T07:50:54+00:00
Celebrity Flora,04-Oct-2026,N/A,N/A,N/A,11179.5,2025-12-24T07:50:59+00:00
Celebrity Flora,04-Oct-2026,N/A,N/A,N/A,19379.5,2025-12-24T07:50:59+00:00
Celebrity Flora,04-Oct-2026,N/A,N/A,N/A,9029.0,2025-12-24T07:50:59+00:00
Celebrity Flora,11-Oct-2026,N/A,N/A,N/A,13102.0,2025-12-24T07:50:59+00:00
Celebrity Flora,11-Oct-2026,N/A,N/A,N/A,13251.5,2025-12-24T07:50:59+00:00
Celebrity Flora,11-Oct-2026,N/A,N/A,N/A,21451.5,2025-12-24T07:50:59+00:00
Celebrity Flora,11-Oct-2026,N/A,N/A,N/A,11102.0,2025-12-24T07:50:59+00:00
Celebrity Flora,18-Oct-2026,N/A,N/A,N/A,11111.0,2025-12-24T07:50:59+00:00
Celebrity Flora,18-Oct-2026,N/A,N/A,N/A,11260.5,2025-12-24T07:50:59+00:00
Celebrity Flora,18-Oct-2026,N/A,N/A,N/A,19460.5,2025-12-24T07:50:59+00:00
Celebrity Flora,18-Oct-2026,N/A,N/A,N/A,9111.0,2025-12-24T07:50:59+00:00
Celebrity Flora,25-Oct-2026,N/A,N/A,N/A,11255.0,2025-12-24T07:50:59+00:00
Celebrity Flora,25-Oct-2026,N/A,N/A,N/A,11404.5,2025-12-24T07:50:59+00:00
Celebrity Flora,25-Oct-2026,N/A,N/A,N/A,19604.5,2025-12-24T07:50:59+00:00
Celebrity Flora,25-Oct-2026,N/A,N/A,N/A,9255.0,2025-12-24T07:50:59+00:00
Celebrity Flora,01-Nov-2026,N/A,N/A,N/A,11176.0,2025-12-24T07:50:59+00:00
Celebrity Flora,01-Nov-2026,N/A,N/A,N/A,11326.5,2025-12-24T07:50:59+00:00
Celebrity Flora,01-Nov-2026,N/A,N/A,N/A,19526.5,2025-12-24T07:50:59+00:00
Celebrity Infinity,07-Sep-2026,1484.16,2096.66,2444.66,5630.16,2025-12-24T07:50:59+00:00
Celebrity Infinity,17-Sep-2026,1280.74,1488.24,2149.24,4540.24,2025-12-24T07:50:59+00:00
Celebrity Infinity,26-Sep-2026,1470.33,1565.33,2345.83,5194.33,2025-12-24T07:51:02+00:00
Celebrity Infinity,05-Oct-2026,1663.69,2043.69,2728.69,6287.69,2025-12-24T07:51:02+00:00
Celebrity Infinity,15-Oct-2026,1323.83,1608.83,1899.83,4070.83,2025-12-24T07:51:02+00:00
Celebrity Infinity,23-Oct-2026,1567.62,1947.12,2427.12,5371.12,2025-12-24T07:51:02+00:00
Celebrity Millennium,11-Sep-2026,1944.39,2641.89,N/A,15035.89,2025-12-24T07:51:02+00:00
Celebrity Millennium,23-Sep-2026,3114.6,3323.1,N/A,N/A,2025-12-24T07:51:02+00:00
Celebrity Millennium,05-Oct-2026,2800.44,N/A,N/A,N/A,2025-12-24T07:51:02+00:00
Celebrity Millennium,17-Oct-2026,N/A,N/A,N/A,N/A,2025-12-24T07:51:02+00:00
Celebrity Reflection,04-Sep-2026,1097.91,1280.41,1283.41,3157.91,2025-12-24T07:51:02+00:00
Celebrity Reflection,12-Sep-2026,978.88,1221.38,1263.38,3363.38,2025-12-24T07:51:02+00:00
Celebrity Reflection,20-Sep-2026,788.53,924.03,956.03,2685.53,2025-12-24T07:51:02+00:00
Celebrity Reflection,26-Sep-2026,1085.88,1243.38,1245.88,3556.88,2025-12-24T07:51:02+00:00
Celebrity Reflection,04-Oct-2026,764.37,872.87,882.37,2729.87,2025-12-24T07:51:02+00:00
Celebrity Reflection,10-Oct-2026,913.88,1201.88,1318.38,4408.88,2025-12-24T07:51:02+00:00
Celebrity Reflection,18-Oct-2026,694.53,796.03,812.03,2673.03,2025-12-24T07:51:02+00:00
Celebrity Reflection,24-Oct-2026,1194.38,1459.38,1588.38,4498.38,2025-12-24T07:51:02+00:00
Celebrity Silhouette,05-Sep-2026,2044.3,N/A,2880.8,N/A,2025-12-24T07:51:02+00:00
Celebrity Silhouette,17-Sep-2026,1327.45,2231.95,2658.95,N/A,2025-12-24T07:51:02+00:00
Celebrity Silhouette,28-Sep-2026,2377.83,N/A,3254.33,N/A,2025-12-24T07:51:02+00:00
Celebrity Silhouette,09-Oct-2026,2172.24,N/A,2918.74,7541.24,2025-12-24T07:51:02+00:00
Celebrity Silhouette,20-Oct-2026,1213.3,N/A,1859.3,8871.3,2025-12-24T07:51:06+00:00
Celebrity Silhouette,30-Oct-2026,947.25,1355.25,1489.75,5499.75,2025-12-24T07:51:06+00:00
Celebrity Solstice,06-Sep-2026,1082.35,1503.85,1812.85,4284.85,2025-12-24T07:51:06+00:00
Celebrity Solstice,13-Sep-2026,1165.34,1712.84,1716.84,4361.34,2025-12-24T07:51:06+00:00
Celebrity Solstice,20-Sep-2026,1024.33,1291.83,1294.83,4548.33,2025-12-24T07:51:06+00:00
Celebrity Solstice,29-Sep-2026,2235.9,3615.9,3519.4,8637.4,2025-12-24T07:51:06+00:00
Celebrity Solstice,18-Oct-2026,2541.15,3506.65,3511.65,7644.15,2025-12-24T07:51:06+00:00
Celebrity Solstice,31-Oct-2026,N/A,N/A,3024.92,7324.92,2025-12-24T07:51:06+00:00
Celebrity Summit,04-Sep-2026,3450.77,3713.77,4920.27,9571.27,2025-12-24T07:51:06+00:00
Celebrity Summit,04-Sep-2026,3473.27,3737.27,4943.27,9596.27,2025-12-24T07:51:06+00:00
Celebrity Summit,04-Sep-2026,3213.27,3476.27,4682.77,9471.27,2025-12-24T07:51:06+00:00
Celebrity Summit,04-Sep-2026,3075.77,3338.77,4438.77,9077.77,2025-12-24T07:51:06+00:00
Celebrity Summit,04-Sep-2026,3000.77,3264.77,4407.77,9046.27,2025-12-24T07:51:06+00:00
Celebrity Summit,04-Sep-2026,2742.27,3005.27,4211.27,9846.27,2025-12-24T07:51:06+00:00
Celebrity Summit,04-Sep-2026,2533.77,2797.27,3970.27,5187.77,2025-12-24T07:51:06+00:00
Celebrity Summit,04-Sep-2026,2288.77,2552.77,3758.77,9566.27,2025-12-24T07:51:06+00:00
Celebrity Summit,04-Sep-2026,2150.77,2413.77,3620.27,9428.27,2025-12-24T07:51:06+00:00
Celebrity Summit,04-Sep-2026,755.77,944.77,2121.27,3277.77,2025-12-24T07:51:06+00:00
Celebrity Summit,25-Sep-2026,596.1,601.6,893.6,4397.1,2025-12-24T07:51:06+00:00
Celebrity Summit,01-Oct-2026,1609.16,2081.16,3146.66,14914.16,2025-12-24T07:51:06+00:00
Celebrity Summit,18-Oct-2026,523.85,628.35,864.85,2810.85,2025-12-24T07:51:13+00:00
Celebrity Summit,25-Oct-2026,535.73,571.23,845.73,2688.73,2025-12-24T07:51:13+00:00
Celebrity Xcel,05-Sep-2026,3010.28,3448.28,3554.28,5455.28,2025-12-24T07:51:13+00:00
Celebrity Xcel,13-Sep-2026,2823.19,2918.19,3600.19,7607.19,2025-12-24T07:51:13+00:00
Celebrity Xcel,21-Sep-2026,4723.97,5794.97,6833.47,11165.97,2025-12-24T07:51:13+00:00
Celebrity Xcel,02-Oct-2026,2443.38,2745.38,3023.38,7430.38,2025-12-24T07:51:13+00:00
Celebrity Xcel,12-Oct-2026,2631.88,2869.38,3373.38,7714.38,2025-12-24T07:51:13+00:00
Celebrity Xcel,23-Oct-2026,1735.19,2311.69,2907.69,N/A,2025-12-24T07:51:13+00:00
Celebrity Apex,07-Nov-2026,864.36,968.36,1294.86,4058.36,2025-12-24T07:51:17+00:00
Celebrity Apex,14-Nov-2026,793.77,864.27,1069.27,3207.27,2025-12-24T07:51:17+00:00
Celebrity Apex,21-Nov-2026,919.36,1045.86,1262.36,3528.36,2025-12-24T07:51:17+00:00
Celebrity Apex,28-Nov-2026,764.87,915.87,1083.87,3290.37,2025-12-24T07:51:17+00:00
Celebrity Apex,05-Dec-2026,944.86,1113.36,1262.36,4237.86,2025-12-24T07:51:17+00:00
Celebrity Apex,12-Dec-2026,789.79,814.29,1002.29,3232.79,2025-12-24T07:51:17+00:00
Celebrity Apex,19-Dec-2026,1236.31,1236.31,1400.31,2889.81,2025-12-24T07:51:17+00:00
Celebrity Apex,26-Dec-2026,1460.9,1709.9,1839.9,4059.9,2025-12-24T07:51:17+00:00
Celebrity Ascent,13-Nov-2026,1486.57,1807.07,2019.07,6530.07,2025-12-24T07:51:17+00:00
Celebrity Ascent,23-Nov-2026,1719.56,2194.06,2571.06,7353.06,2025-12-24T07:51:17+00:00
Celebrity Ascent,04-Dec-2026,1457.57,1678.07,1848.07,5211.57,2025-12-24T07:51:17+00:00
Celebrity Ascent,14-Dec-2026,1238.18,1315.68,1696.68,4227.18,2025-12-24T07:51:17+00:00
Celebrity Ascent,24-Dec-2026,1928.93,2060.93,2838.93,7065.43,2025-12-24T07:51:17+00:00
Celebrity Beyond,18-Nov-2026,749.7,799.7,861.7,2588.7,2025-12-24T07:51:17+00:00
Celebrity Beyond,22-Nov-2026,897.7,1168.2,1495.7,4521.7,2025-12-24T07:51:17+00:00
Celebrity Beyond,29-Nov-2026,917.7,1057.7,1413.2,3577.7,2025-12-24T07:51:17+00:00
Celebrity Beyond,06-Dec-2026,798.79,856.29,1179.79,3409.29,2025-12-24T07:51:17+00:00
Celebrity Beyond,13-Dec-2026,966.17,969.17,1226.17,3771.17,2025-12-24T07:51:17+00:00
Celebrity Beyond,20-Dec-2026,1263.29,1263.29,1614.79,3909.79,2025-12-24T07:51:17+00:00
Celebrity Beyond,27-Dec-2026,1456.6,1530.6,1931.6,4550.1,2025-12-24T07:51:17+00:00
Celebrity Constellation,02-Nov-2026,1021.87,1162.37,2021.37,6231.87,2025-12-24T07:51:21+00:00
Celebrity Constellation,17-Nov-2026,1396.48,1567.48,2042.48,5022.48,2025-12-24T07:51:21+00:00
Celebrity Constellation,28-Nov-2026,860.94,855.94,1036.94,3258.94,2025-12-24T07:51:21+00:00
Celebrity Constellation,05-Dec-2026,789.44,843.94,989.44,3121.94,2025-12-24T07:51:21+00:00
Celebrity Constellation,12-Dec-2026,752.91,747.91,1142.91,3653.41,2025-12-24T07:51:21+00:00
Celebrity Constellation,19-Dec-2026,1000.32,1021.32,1390.32,3040.82,2025-12-24T07:51:21+00:00
Celebrity Constellation,26-Dec-2026,1354.69,1354.69,1569.69,4207.19,2025-12-24T07:51:21+00:00
Celebrity Eclipse,10-Nov-2026,1077.13,1362.13,1365.13,N/A,2025-12-24T07:51:21+00:00
Celebrity Eclipse,24-Nov-2026,918.45,1212.95,1244.45,4101.95,2025-12-24T07:51:21+00:00
Celebrity Eclipse,03-Dec-2026,967.9,1140.9,1323.9,4947.9,2025-12-24T07:51:21+00:00
Celebrity Eclipse,12-Dec-2026,1028.38,1291.38,1419.38,4985.38,2025-12-24T07:51:21+00:00
Celebrity Eclipse,22-Dec-2026,2066.37,2450.87,2544.87,7334.87,2025-12-24T07:51:21+00:00
Celebrity Edge,09-Nov-2026,1781.54,1871.04,1977.04,5796.04,2025-12-24T07:51:21+00:00
Celebrity Edge,19-Nov-2026,2198.66,2663.16,3278.16,5953.16,2025-12-24T07:51:21+00:00
Celebrity Edge,01-Dec-2026,1625.61,1625.61,1939.11,5061.61,2025-12-24T07:51:21+00:00
Celebrity Edge,12-Dec-2026,1660.67,2196.67,2160.67,4217.17,2025-12-24T07:51:21+00:00
Celebrity Edge,21-Dec-2026,2660.55,2776.05,3760.55,7451.55,2025-12-24T07:51:21+00:00
Celebrity Equinox,09-Nov-2026,1299.43,1348.43,1449.43,4462.93,2025-12-24T07:51:21+00:00
Celebrity Equinox,05-Dec-2026,N/A,3282.41,2944.41,9159.91,2025-12-24T07:51:21+00:00
Celebrity Equinox,19-Dec-2026,2847.9,3468.9,3460.4,9648.4,2025-12-24T07:51:21+00:00
Celebrity Flora,01-Nov-2026,N/A,N/A,N/A,11176.0,2025-12-24T07:51:27+00:00
Celebrity Flora,01-Nov-2026,N/A,N/A,N/A,11326.5,2025-12-24T07:51:27+00:00
Celebrity Flora,01-Nov-2026,N/A,N/A,N/A,19526.5,2025-12-24T07:51:27+00:00
Celebrity Flora,01-Nov-2026,N/A,N/A,N/A,9176.0,2025-12-24T07:51:27+00:00
Celebrity Flora,08-Nov-2026,N/A,N/A,N/A,11337.0,2025-12-24T07:51:27+00:00
Celebrity Flora,08-Nov-2026,N/A,N/A,N/A,11487.5,2025-12-24T07:51:27+00:00
Celebrity Flora,08-Nov-2026,N/A,N/A,N/A,19687.5,2025-12-24T07:51:27+00:00
Celebrity Flora,08-Nov-2026,N/A,N/A,N/A,9337.0,2025-12-24T07:51:27+00:00
Celebrity Flora,15-Nov-2026,N/A,N/A,N/A,11069.0,2025-12-24T07:51:27+00:00
Celebrity Flora,15-Nov-2026,N/A,N/A,N/A,11219.5,2025-12-24T07:51:27+00:00
Celebrity Flora,15-Nov-2026,N/A,N/A,N/A,19419.5,2025-12-24T07:51:27+00:00
Celebrity Flora,15-Nov-2026,N/A,N/A,N/A,9069.0,2025-12-24T07:51:27+00:00
Celebrity Flora,22-Nov-2026,N/A,N/A,N/A,11191.0,2025-12-24T07:51:27+00:00
Celebrity Flora,22-Nov-2026,N/A,N/A,N/A,11340.5,2025-12-24T07:51:27+00:00
Celebrity Flora,22-Nov-2026,N/A,N/A,N/A,19540.5,2025-12-24T07:51:27+00:00
Celebrity Flora,22-Nov-2026,N/A,N/A,N/A,9191.0,2025-12-24T07:51:27+00:00
Celebrity Flora,29-Nov-2026,N/A,N/A,N/A,10484.0,2025-12-24T07:51:27+00:00
Celebrity Flora,29-Nov-2026,N/A,N/A,N/A,10633.5,2025-12-24T07:51:27+00:00
Celebrity Flora,29-Nov-2026,N/A,N/A,N/A,18833.5,2025-12-24T07:51:27+00:00
Celebrity Flora,29-Nov-2026,N/A,N/A,N/A,8484.0,2025-12-24T07:51:27+00:00
Celebrity Flora,06-Dec-2026,N/A,N/A,N/A,10872.0,2025-12-24T07:51:32+00:00
Celebrity Flora,06-Dec-2026,N/A,N/A,N/A,11021.5,2025-12-24T07:51:32+00:00
Celebrity Flora,06-Dec-2026,N/A,N/A,N/A,19221.5,2025-12-24T07:51:32+00:00
Celebrity Flora,06-Dec-2026,N/A,N/A,N/A,8872.0,2025-12-24T07:51:32+00:00
Celebrity Flora,13-Dec-2026,N/A,N/A,N/A,10119.0,2025-12-24T07:51:32+00:00
Celebrity Flora,13-Dec-2026,N/A,N/A,N/A,10268.5,2025-12-24T07:51:32+00:00
Celebrity Flora,13-Dec-2026,N/A,N/A,N/A,18468.5,2025-12-24T07:51:32+00:00
Celebrity Flora,13-Dec-2026,N/A,N/A,N/A,8119.0,2025-12-24T07:51:32+00:00
Celebrity Flora,20-Dec-2026,N/A,N/A,N/A,16249.0,2025-12-24T07:51:32+00:00
Celebrity Flora,20-Dec-2026,N/A,N/A,N/A,16399.5,2025-12-24T07:51:32+00:00
Celebrity Flora,20-Dec-2026,N/A,N/A,N/A,24599.5,2025-12-24T07:51:32+00:00
Celebrity Flora,20-Dec-2026,N/A,N/A,N/A,14249.0,2025-12-24T07:51:32+00:00
Celebrity Flora,27-Dec-2026,N/A,N/A,N/A,12586.0,2025-12-24T07:51:32+00:00
Celebrity Flora,27-Dec-2026,N/A,N/A,N/A,12735.5,2025-12-24T07:51:32+00:00
Celebrity Flora,27-Dec-2026,N/A,N/A,N/A,20935.5,2025-12-24T07:51:32+00:00
Celebrity Flora,27-Dec-2026,N/A,N/A,N/A,10586.0,2025-12-24T07:51:32+00:00
Celebrity Infinity,02-Nov-2026,3007.78,2823.78,3790.78,5843.28,2025-12-24T07:51:32+00:00
Celebrity Infinity,14-Nov-2026,1419.69,1466.69,1961.69,5235.19,2025-12-24T07:51:32+00:00
Celebrity Infinity,26-Nov-2026,2005.94,2209.44,3211.44,5953.44,2025-12-24T07:51:32+00:00
Celebrity Infinity,08-Dec-2026,1371.33,1489.83,2322.83,4863.33,2025-12-24T07:51:32+00:00
Celebrity Infinity,20-Dec-2026,3138.72,3138.22,3680.72,8367.72,2025-12-24T07:51:39+00:00
Celebrity Millennium,12-Nov-2026,2085.49,2320.49,N/A,N/A,2025-12-24T07:51:39+00:00
Celebrity Millennium,26-Nov-2026,1832.86,2654.36,3159.36,6288.86,2025-12-24T07:51:39+00:00
Celebrity Millennium,09-Dec-2026,1428.07,1458.07,1892.07,5204.57,2025-12-24T07:51:39+00:00
Celebrity Millennium,21-Dec-2026,2091.09,2406.59,3124.09,7232.09,2025-12-24T07:51:39+00:00
Celebrity Reflection,02-Nov-2026,449.41,562.41,606.41,1712.41,2025-12-24T07:51:39+00:00
Celebrity Reflection,06-Nov-2026,395.58,474.08,469.08,1016.58,2025-12-24T07:51:39+00:00
Celebrity Reflection,09-Nov-2026,453.71,505.21,548.71,1237.71,2025-12-24T07:51:39+00:00
Celebrity Reflection,13-Nov-2026,357.58,444.08,458.58,1001.08,2025-12-24T07:51:39+00:00
Celebrity Reflection,16-Nov-2026,422.03,457.53,486.03,1132.03,2025-12-24T07:51:39+00:00
Celebrity Reflection,20-Nov-2026,360.58,444.08,445.58,955.08,2025-12-24T07:51:39+00:00
Celebrity Reflection,23-Nov-2026,434.59,547.09,607.09,1471.09,2025-12-24T07:51:39+00:00
Celebrity Reflection,27-Nov-2026,367.58,444.08,439.08,987.58,2025-12-24T07:51:39+00:00
Celebrity Reflection,30-Nov-2026,414.03,456.53,484.53,1174.03,2025-12-24T07:51:39+00:00
Celebrity Reflection,04-Dec-2026,373.58,435.08,463.08,988.08,2025-12-24T07:51:39+00:00
Celebrity Reflection,07-Dec-2026,424.59,458.59,487.09,1138.09,2025-12-24T07:51:39+00:00
Celebrity Reflection,11-Dec-2026,380.58,444.08,472.58,1055.58,2025-12-24T07:51:39+00:00
Celebrity Reflection,14-Dec-2026,416.68,486.18,514.18,1055.68,2025-12-24T07:51:39+00:00
Celebrity Reflection,18-Dec-2026,435.08,494.08,522.58,1096.58,2025-12-24T07:51:39+00:00
Celebrity Reflection,21-Dec-2026,904.6,1049.6,1052.6,3159.6,2025-12-24T07:51:39+00:00
Celebrity Reflection,28-Dec-2026,1170.44,1446.94,1450.44,4068.94,2025-12-24T07:51:44+00:00
Celebrity Silhouette,07-Nov-2026,905.86,1216.86,1333.36,6807.86,2025-12-24T07:51:44+00:00
Celebrity Silhouette,15-Nov-2026,520.65,598.15,646.65,2740.65,2025-12-24T07:51:44+00:00
Celebrity Silhouette,21-Nov-2026,1103.36,1192.86,1579.36,5618.86,2025-12-24T07:51:44+00:00
Celebrity Silhouette,29-Nov-2026,517.52,603.52,671.52,2830.02,2025-12-24T07:51:44+00:00
Celebrity Silhouette,05-Dec-2026,965.86,1214.36,1278.36,5894.36,2025-12-24T07:51:44+00:00
Celebrity Silhouette,13-Dec-2026,503.02,593.02,688.52,2355.02,2025-12-24T07:51:44+00:00
Celebrity Silhouette,19-Dec-2026,1194.68,1460.68,1564.18,4106.68,2025-12-24T07:51:44+00:00
Celebrity Silhouette,27-Dec-2026,1005.9,1278.9,1510.9,4332.4,2025-12-24T07:51:44+00:00
Celebrity Solstice,10-Nov-2026,1385.61,1777.61,1708.61,4950.61,2025-12-24T07:51:44+00:00
Celebrity Solstice,22-Nov-2026,1401.2,1747.2,1855.2,5246.7,2025-12-24T07:51:44+00:00
Celebrity Solstice,05-Dec-2026,1721.5,1992.5,2168.5,8418.5,2025-12-24T07:51:44+00:00
Celebrity Solstice,18-Dec-2026,3045.88,3358.38,3654.38,8229.38,2025-12-24T07:51:44+00:00
Celebrity Summit,01-Nov-2026,553.43,639.93,762.93,3045.93,2025-12-24T07:51:44+00:00
Celebrity Summit,08-Nov-2026,491.23,643.73,747.23,2750.23,2025-12-24T07:51:44+00:00
Celebrity Summit,15-Nov-2026,559.93,655.93,798.93,2725.93,2025-12-24T07:51:44+00:00
Celebrity Summit,22-Nov-2026,723.64,774.14,1004.14,2872.14,2025-12-24T07:51:44+00:00
Celebrity Summit,29-Nov-2026,564.93,804.93,807.43,2432.43,2025-12-24T07:51:44+00:00
Celebrity Summit,06-Dec-2026,588.5,706.0,786.0,2718.5,2025-12-24T07:51:44+00:00
Celebrity Summit,13-Dec-2026,757.1,853.6,935.6,3192.1,2025-12-24T07:51:44+00:00
Celebrity Summit,20-Dec-2026,1077.74,1077.24,1153.74,2624.24,2025-12-24T07:51:50+00:00
Celebrity Summit,27-Dec-2026,1281.35,1304.85,1366.85,3556.85,2025-12-24T07:51:50+00:00
Celebrity Xcel,08-Nov-2026,1232.58,1300.08,1509.08,5023.58,2025-12-24T07:51:50+00:00
Celebrity Xcel,15-Nov-2026,879.48,1018.98,1178.98,4352.48,2025-12-24T07:51:50+00:00
Celebrity Xcel,21-Nov-2026,1038.9,1149.4,1378.9,4322.4,2025-12-24T07:51:50+00:00
Celebrity Xcel,28-Nov-2026,1738.91,1988.91,2268.91,8150.91,2025-12-24T07:51:50+00:00
Celebrity Xcel,06-Dec-2026,969.88,1040.88,1408.38,3832.38,2025-12-24T07:51:50+00:00
Celebrity Xcel,13-Dec-2026,928.86,1028.86,1281.86,3521.86,2025-12-24T07:51:50+00:00
Celebrity Xcel,20-Dec-2026,1413.7,1578.2,2018.2,5071.2,2025-12-24T07:51:50+00:00
Celebrity Xcel,27-Dec-2026,1825.63,2107.13,2539.63,5391.63,2025-12-24T07:51:50+00:00
